INSERT INTO public.users(id, email, first_name, last_name, password, role) VALUES (1,'ira@gmail.com','ira@gmail.com','ira@gmail.com','ira@gmail.com',0);
INSERT INTO public.users(id, email, first_name, last_name, password, role) VALUES (2,'ira@gmailukr.com','ira@gmail.com','ira@gmail.com','ira@gmail.com',0);
INSERT INTO public.users(id, email, first_name, last_name, password, role) VALUES (3,'ira3@gmailukr.com','ira@gmail.com','ira@gmail.com','ira@gmail.com',0);
INSERT INTO public.feedback_criteria (id, type, category_id) VALUES (1, 'RATING', 4);
INSERT INTO public.feedback_criteria (id, type, category_id) VALUES (2, 'RATING', 5);
INSERT INTO public.feedback_criteria (id, type, category_id) VALUES (3, 'RATING', 5);
INSERT INTO public.feedback_criteria (id, type, category_id) VALUES (4, 'RATING', 6);
INSERT INTO public.feedback_criteria (id, type, category_id) VALUES (5, 'RATING', 6);
INSERT INTO public.feedback_criteria (id, type, category_id) VALUES (6, 'RATING', 7);
INSERT INTO public.feedback_criteria (id, type, category_id) VALUES (7, 'RATING', 7);
INSERT INTO public.feedback_criteria (id, type, category_id) VALUES (12, 'ROUTE_CAPACITY', 5);
INSERT INTO public.feedback_criteria (id, type, category_id) VALUES (13, 'ROUTE_CAPACITY', 6);
INSERT INTO public.feedback_criteria (id, type, category_id) VALUES (14, 'ROUTE_CAPACITY', 7);
INSERT INTO public.feedback_criteria (id, type, category_id) VALUES (15, 'HOURS_CAPACITY', 4);
INSERT INTO public.feedback_criteria (id, type, category_id) VALUES (16, 'HOURS_CAPACITY', 5);
INSERT INTO public.feedback_criteria (id, type, category_id) VALUES (17, 'HOURS_CAPACITY', 6);
INSERT INTO public.feedback_criteria (id, type, category_id) VALUES (18, 'HOURS_CAPACITY', 7);
INSERT INTO public.feedback_criteria (id, type, category_id) VALUES (19, 'ROUTE_CAPACITY', 4);
INSERT INTO public.feedback_criteria (id, type, category_id) VALUES (20, 'RATING', 4);
INSERT INTO public.feedback_criteria (id, type, category_id) VALUES (10, 'SIMPLE', 6);
INSERT INTO public.feedback_criteria (id, type, category_id) VALUES (11, 'SIMPLE', 7);
INSERT INTO public.feedback_criteria (id, type, category_id) VALUES (8, 'SIMPLE', 4);
INSERT INTO public.feedback_criteria (id, type, category_id) VALUES (9, 'SIMPLE', 5);
INSERT INTO public.question (id, name, weight, criteria_id, type, priority) VALUES (30, 'Оцініть завантаженість ', null, 17, 'PERCENTAGE', 1);
INSERT INTO public.question (id, name, weight, criteria_id, type, priority) VALUES (3, 'Чи задоволені тримваєм?', null, 8, 'SIMPLE', 2);
INSERT INTO public.question (id, name, weight, criteria_id, type, priority) VALUES (28, 'Вкажіть час посадки у автобус?', null, 17, 'TIME', 1);
INSERT INTO public.question (id, name, weight, criteria_id, type, priority) VALUES (1, 'Якість обслуговуючого персоналу (водій , кондуктор)?', 2, 1, 'SIMPLE', 2);
INSERT INTO public.question (id, name, weight, criteria_id, type, priority) VALUES (18, 'Вкажіть час посадки у маршрутку?', null, 18, 'TIME', 1);
INSERT INTO public.question (id, name, weight, criteria_id, type, priority) VALUES (17, 'Оцініть завантаженість ', null, 12, 'PERCENTAGE', 1);
INSERT INTO public.question (id, name, weight, criteria_id, type, priority) VALUES (6, 'Вкажіть кінцеву зупинку:', null, 19, 'STOP', 2);
INSERT INTO public.question (id, name, weight, criteria_id, type, priority) VALUES (13, 'Якість проїзду?', 5, 3, 'SIMPLE', 3);
INSERT INTO public.question (id, name, weight, criteria_id, type, priority) VALUES (23, 'Оцініть професіоналізм водія', 3, 5, 'SIMPLE', 1);
INSERT INTO public.question (id, name, weight, criteria_id, type, priority) VALUES (21, 'Оцініть стан автобусу', 5, 4, 'SIMPLE', 1);
INSERT INTO public.question (id, name, weight, criteria_id, type, priority) VALUES (11, 'Якість обслуговуючого персоналу (водій , кондуктор)?', 2, 2, 'SIMPLE', 1);
INSERT INTO public.question (id, name, weight, criteria_id, type, priority) VALUES (10, 'Оцініть завантаженість ', null, 15, 'PERCENTAGE', 1);
INSERT INTO public.question (id, name, weight, criteria_id, type, priority) VALUES (26, 'Вкажіть кінцеву зупинку:', null, 13, 'STOP', 2);
INSERT INTO public.question (id, name, weight, criteria_id, type, priority) VALUES (41, 'Оцініть частоту появи маршруток на рейсі?', 6, 7, 'SIMPLE', 1);
INSERT INTO public.question (id, name, weight, criteria_id, type, priority) VALUES (20, 'Оцініть завантаженість ', null, 16, 'PERCENTAGE', 1);
INSERT INTO public.question (id, name, weight, criteria_id, type, priority) VALUES (8, 'Вкажіть час посадки у трамвай?', null, 15, 'TIME', 1);
INSERT INTO public.question (id, name, weight, criteria_id, type, priority) VALUES (15, 'Вкажіть початкову зупинку:', null, 12, 'STOP', 1);
INSERT INTO public.question (id, name, weight, criteria_id, type, priority) VALUES (14, 'Чи задоволені даним тролейбусом?', null, 9, 'SIMPLE', 1);
INSERT INTO public.question (id, name, weight, criteria_id, type, priority) VALUES (12, 'Якість салону?', 3, 2, 'SIMPLE', 2);
INSERT INTO public.question (id, name, weight, criteria_id, type, priority) VALUES (40, 'Оцініть завантаженість ', null, 18, 'PERCENTAGE', 1);
INSERT INTO public.question (id, name, weight, criteria_id, type, priority) VALUES (2, 'Якість салону?', 3, 1, 'SIMPLE', 1);
INSERT INTO public.question (id, name, weight, criteria_id, type, priority) VALUES (7, 'Оцініть завантаженість ', null, 19, 'PERCENTAGE', 1);
INSERT INTO public.question (id, name, weight, criteria_id, type, priority) VALUES (29, 'О котрій годині вийшли із автобуса?', null, 17, 'TIME', 2);
INSERT INTO public.question (id, name, weight, criteria_id, type, priority) VALUES (5, 'Вкажіть початкову зупинку:', null, 19, 'STOP', 1);
INSERT INTO public.question (id, name, weight, criteria_id, type, priority) VALUES (4, 'Якість проїзду?', 5, 20, 'SIMPLE', 1);
INSERT INTO public.question (id, name, weight, criteria_id, type, priority) VALUES (19, 'О котрій годині вийшли із нього ?', null, 16, 'TIME', 2);
INSERT INTO public.question (id, name, weight, criteria_id, type, priority) VALUES (27, 'Оцініть завантаженість ', null, 13, 'PERCENTAGE', 1);
INSERT INTO public.question (id, name, weight, criteria_id, type, priority) VALUES (25, 'Вкажіть початкову зупинку:', null, 13, 'STOP', 1);
INSERT INTO public.question (id, name, weight, criteria_id, type, priority) VALUES (24, 'Чи задоволені даним автобусом?', null, 10, 'SIMPLE', 1);
INSERT INTO public.question (id, name, weight, criteria_id, type, priority) VALUES (31, 'Оцініть стан маршрутки', 5, 6, 'SIMPLE', 1);
INSERT INTO public.question (id, name, weight, criteria_id, type, priority) VALUES (33, 'Кількість пенсіонерів', 2, 7, 'SIMPLE', 4);
INSERT INTO public.question (id, name, weight, criteria_id, type, priority) VALUES (35, 'Вкажіть початкову зупинку:', null, 14, 'STOP', 1);
INSERT INTO public.question (id, name, weight, criteria_id, type, priority) VALUES (16, 'Вкажіть кінцеву зупинку:', null, 12, 'STOP', 2);
INSERT INTO public.question (id, name, weight, criteria_id, type, priority) VALUES (22, 'Якість салону', 2, 4, 'SIMPLE', 2);
INSERT INTO public.question (id, name, weight, criteria_id, type, priority) VALUES (38, 'Вкажіть час посадки у "рогатого"?', null, 16, 'TIME', 1);
INSERT INTO public.question (id, name, weight, criteria_id, type, priority) VALUES (37, 'Оцініть завантаженість ', null, 14, 'PERCENTAGE', 1);
INSERT INTO public.question (id, name, weight, criteria_id, type, priority) VALUES (9, 'О котрій годині вийшли із трамваю?', null, 15, 'TIME', 2);
INSERT INTO public.question (id, name, weight, criteria_id, type, priority) VALUES (34, 'Чи задоволені поїздкою в даній маршрутці?', null, 11, 'SIMPLE', 1);
INSERT INTO public.question (id, name, weight, criteria_id, type, priority) VALUES (32, 'Оцініть професіоналізм і ввічливість водія', 5, 6, 'SIMPLE', 2);
INSERT INTO public.question (id, name, weight, criteria_id, type, priority) VALUES (39, 'О котрій годині вийшли із маршрутки?', null, 18, 'TIME', 2);
INSERT INTO public.question (id, name, weight, criteria_id, type, priority) VALUES (36, 'Вкажіть кінцеву зупинку:', null, 14, 'STOP', 2);
INSERT INTO public.feedback (id, answer, criteria_id, transit_id, user_id, date) VALUES (1, '[{"answer" : 2, "weight" :1}]', 1, 4, 1, null);
INSERT INTO public.feedback (id, answer, criteria_id, transit_id, user_id, date) VALUES (2, '[{"answer" : 10, "weight" :1}]', 1, 4, 1, null);
INSERT INTO public.feedback (id, answer, criteria_id, transit_id, user_id, date) VALUES (3, '[{"answer" : 5, "weight" :1}]', 2, 4, 1, null);
INSERT INTO public.feedback (id, answer, criteria_id, transit_id, user_id, date) VALUES (4, '[{"answer" : 10, "weight" :1}]', 1, 4, 1, null);
INSERT INTO public.feedback (id, answer, criteria_id, transit_id, user_id, date) VALUES (5, '[{"answer" : 7, "weight" :1}]', 2, 4, 1, null);
INSERT INTO public.feedback (id, answer, criteria_id, transit_id, user_id, date) VALUES (6, '[{"answer" : 5, "weight" :1}]', 3, 4, 1, null);
INSERT INTO public.feedback (id, answer, criteria_id, transit_id, user_id, date) VALUES (7, '[{"answer" : 2, "weight" :1}]', 4, 4, 1, null);
INSERT INTO public.feedback (id, answer, criteria_id, transit_id, user_id, date) VALUES (8, '[{"answer" : 10, "weight" :1}]', 5, 4, 1, null);
INSERT INTO public.feedback (id, answer, criteria_id, transit_id, user_id, date) VALUES (9, '[{"answer" : 9, "weight" :1}]', 6, 4, 1, null);
INSERT INTO public.feedback (id, answer, criteria_id, transit_id, user_id, date) VALUES (10, '[{"answer" : 8, "weight" :1}]', 7, 4, 1, null);
INSERT INTO public.feedback (id, answer, criteria_id, transit_id, user_id, date) VALUES (11, '[{"answer" : 10, "weight" :1}]', 1, 4, 1, null);
INSERT INTO public.feedback (id, answer, criteria_id, transit_id, user_id, date) VALUES (12, '[{"answer" : 7, "weight" :1}]', 2, 4, 1, null);
INSERT INTO public.feedback (id, answer, criteria_id, transit_id, user_id, date) VALUES (13, '[{"answer" : 5, "weight" :1}]', 3, 4, 1, null);
INSERT INTO public.feedback (id, answer, criteria_id, transit_id, user_id, date) VALUES (14, '[{"answer" : 2, "weight" :1}]', 4, 4, 1, null);
INSERT INTO public.feedback (id, answer, criteria_id, transit_id, user_id, date) VALUES (15, '[{"answer" : 10, "weight" :1}]', 5, 4, 1, null);
INSERT INTO public.feedback (id, answer, criteria_id, transit_id, user_id, date) VALUES (16, '[{"answer" : 9, "weight" :1}]', 6, 4, 1, null);
INSERT INTO public.feedback (id, answer, criteria_id, transit_id, user_id, date) VALUES (17, '[{"answer" : 8, "weight" :1}]', 7, 4, 1, null);
INSERT INTO public.feedback (id, answer, criteria_id, transit_id, user_id, date) VALUES (18, '"YES"', 8, 4, 2, null);
INSERT INTO public.feedback (id, answer, criteria_id, transit_id, user_id, date) VALUES (19, '"YES"', 10, 4, 2, null);
INSERT INTO public.feedback (id, answer, criteria_id, transit_id, user_id, date) VALUES (20, '"YES"', 11, 3, 1, null);
INSERT INTO public.feedback (id, answer, criteria_id, transit_id, user_id, date) VALUES (21, '"NO"', 9, 4, 1, null);
INSERT INTO public.feedback (id, answer, criteria_id, transit_id, user_id, date) VALUES (22, '{ "startTime" : {"hour":8, "minute":44}, "endTime":{"hour":9, "minute":44} , "capacity":30}', 16, 4, 2, null);
INSERT INTO public.feedback (id, answer, criteria_id, transit_id, user_id, date) VALUES (23, '{ "startTime" : {"hour":2, "minute":44}, "endTime":{"hour":3, "minute":44} , "capacity":30}', 18, 4, 1, null);
INSERT INTO public.feedback (id, answer, criteria_id, transit_id, user_id, date) VALUES (24, '{ "startTime" : {"hour":8, "minute":44}, "endTime":{"hour":9, "minute":44} , "capacity":30}', 15, 4, 3, null);
INSERT INTO public.feedback (id, answer, criteria_id, transit_id, user_id, date) VALUES (25, '{ "startTime" : {"hour":16, "minute":44}, "endTime":{"hour":17, "minute":44} , "capacity":30}', 17, 4, 3, null);
INSERT INTO public.feedback (id, answer, criteria_id, transit_id, user_id, date) VALUES (26, '{ "capacity":30, "from":{"street":"Автовокзал"} ,"to" :{"street":"вул. Скорини"}}', 13, 4, 3, null);
INSERT INTO public.feedback (id, answer, criteria_id, transit_id, user_id, date) VALUES (27, '{ "capacity":30, "from":{"street":"Автовокзал"} ,"to" :{"street":"Податкова"}}', 19, 4, 2, null);
INSERT INTO public.feedback (id, answer, criteria_id, transit_id, user_id, date) VALUES (28, '{ "capacity":10, "from":{"street":"Автовокзал"} ,"to" :{"street":"Податкова"}}', 14, 4, 1, null);
INSERT INTO public.feedback (id, answer, criteria_id, transit_id, user_id, date) VALUES (29, '{ "capacity":30, "from":{"street":"Автовокзал"} ,"to" :{"street":"вул. Скорини"}}', 12, 4, 3, null);
INSERT INTO public.feedback (id, answer, criteria_id, transit_id, user_id, date) VALUES (30, '"YES"', 9, 4, 1, null);
INSERT INTO public.feedback (id, answer, criteria_id, transit_id, user_id, date) VALUES (31, '[{"answer" : 5, "weight" :1}]', 2, 4, 1, null);
INSERT INTO public.feedback (id, answer, criteria_id, transit_id, user_id, date) VALUES (32, '[{"answer" : 5, "weight" :1}]', 3, 4, 1, null);
INSERT INTO public.feedback (id, answer, criteria_id, transit_id, user_id, date) VALUES (33, '"MAYBE"', 9, 4, 1, null);
INSERT INTO public.feedback (id, answer, criteria_id, transit_id, user_id, date) VALUES (34, '[{"answer" : 10, "weight" :1}]', 2, 4, 1, null);
INSERT INTO public.feedback (id, answer, criteria_id, transit_id, user_id, date) VALUES (35, '[{"answer" : 10, "weight" :1}]', 3, 4, 1, null);
INSERT INTO public.feedback (id, answer, criteria_id, transit_id, user_id, date) VALUES (36, '"NO"', 9, 4, 1, null);
INSERT INTO public.feedback (id, answer, criteria_id, transit_id, user_id, date) VALUES (37, '[{"answer" : 10, "weight" :1}]', 2, 4, 1, null);
INSERT INTO public.feedback (id, answer, criteria_id, transit_id, user_id, date) VALUES (38, '[{"answer" : 2, "weight" :1}]', 3, 4, 1, null);
INSERT INTO public.feedback (id, answer, criteria_id, transit_id, user_id, date) VALUES (39, '"NO"', 9, 4, 1, null);
INSERT INTO public.feedback (id, answer, criteria_id, transit_id, user_id, date) VALUES (40, '[{"answer" : 2, "weight" :1}]', 2, 4, 1, null);
INSERT INTO public.feedback (id, answer, criteria_id, transit_id, user_id, date) VALUES (41, '[{"answer" : 2, "weight" :1}]', 3, 4, 1, null);
INSERT INTO public.feedback (id, answer, criteria_id, transit_id, user_id, date) VALUES (45, '"NO"', 9, 3, 1, null);
INSERT INTO public.feedback (id, answer, criteria_id, transit_id, user_id, date) VALUES (48, '"NO"', 9, 3, 1, null);
INSERT INTO public.feedback (id, answer, criteria_id, transit_id, user_id, date) VALUES (44, '[{"answer" : 10, "weight" :1}]', 3, 3, 1, null);
INSERT INTO public.feedback (id, answer, criteria_id, transit_id, user_id, date) VALUES (47, '[{"answer" : 10, "weight" :1}]', 3, 3, 1, null);
INSERT INTO public.feedback (id, answer, criteria_id, transit_id, user_id, date) VALUES (46, '[{"answer" : 10, "weight" :1}]', 2, 3, 1, null);
INSERT INTO public.feedback (id, answer, criteria_id, transit_id, user_id, date) VALUES (43, '[{"answer" : 10, "weight" :1}]', 2, 3, 1, null);
INSERT INTO public.feedback (id, answer, criteria_id, transit_id, user_id, date) VALUES (42, '[{"answer" : 10, "weight" :1}]', 2, 4, 1, null);
INSERT INTO public.feedback (id, answer, criteria_id, transit_id, user_id, date) VALUES (51, '"NO"', 9, 3, 1, null);
INSERT INTO public.feedback (id, answer, criteria_id, transit_id, user_id, date) VALUES (50, '[{"answer" : 2, "weight" :1}]', 3, 3, 1, null);
INSERT INTO public.feedback (id, answer, criteria_id, transit_id, user_id, date) VALUES (49, '[{"answer" : 2, "weight" :1}]', 2, 3, 1, null);
INSERT INTO public.feedback (id, answer, criteria_id, transit_id, user_id, date) VALUES (54, '"NO"', 9, 3, 1, null);
INSERT INTO public.feedback (id, answer, criteria_id, transit_id, user_id, date) VALUES (53, '[{"answer" : 2, "weight" :1}]', 3, 3, 1, null);
INSERT INTO public.feedback (id, answer, criteria_id, transit_id, user_id, date) VALUES (52, '[{"answer" : 2, "weight" :1}]', 2, 3, 1, null);
INSERT INTO public.feedback (id, answer, criteria_id, transit_id, user_id, date) VALUES (55, '[{"answer":6,"weight":2}]', 2, 3, 1, '2018-07-06 09:46:33.855000');
INSERT INTO public.feedback (id, answer, criteria_id, transit_id, user_id, date) VALUES (56, '[{"answer":4,"weight":3}]', 3, 3, 1, '2018-07-06 09:46:33.900000');
INSERT INTO public.feedback (id, answer, criteria_id, transit_id, user_id, date) VALUES (57, '"NO"', 9, 3, 1, '2018-07-06 09:46:33.941000');
INSERT INTO public.feedback (id, answer, criteria_id, transit_id, user_id, date) VALUES (58, '{"startTime":{"hour":11,"minute":11},"endTime":{"hour":12,"minute":12},"capacity":"25"}', 16, 3, 1, '2018-07-06 09:46:34.018000');
INSERT INTO public.feedback (id, answer, criteria_id, transit_id, user_id, date) VALUES (59, '[{"answer":6,"weight":2}]', 2, 3, 1, '2018-07-06 09:48:29.041000');
INSERT INTO public.feedback (id, answer, criteria_id, transit_id, user_id, date) VALUES (60, '[{"answer":3,"weight":3}]', 3, 3, 1, '2018-07-06 09:48:29.108000');
INSERT INTO public.feedback (id, answer, criteria_id, transit_id, user_id, date) VALUES (61, '"NO"', 9, 3, 1, '2018-07-06 09:48:29.182000');
INSERT INTO public.feedback (id, answer, criteria_id, transit_id, user_id, date) VALUES (62, '{"startTime":{"hour":11,"minute":11},"endTime":{"hour":12,"minute":12},"capacity":"25"}', 16, 3, 1, '2018-07-06 09:48:29.271000');
INSERT INTO public.feedback (id, answer, criteria_id, transit_id, user_id, date) VALUES (63, '[{"answer":6,"weight":2}]', 2, 3, 1, '2018-07-06 09:55:27.623000');
INSERT INTO public.feedback (id, answer, criteria_id, transit_id, user_id, date) VALUES (64, '[{"answer":6,"weight":2}]', 3, 3, 1, '2018-07-06 09:55:27.697000');
INSERT INTO public.feedback (id, answer, criteria_id, transit_id, user_id, date) VALUES (65, '{"startTime":{"hour":11,"minute":11},"endTime":{"hour":12,"minute":12},"capacity":"25"}', 16, 3, 1, '2018-07-06 09:55:27.762000');
INSERT INTO public.feedback (id, answer, criteria_id, transit_id, user_id, date) VALUES (66, '[{"answer":4,"weight":6}]', 6, 10365, 1, '2018-07-06 10:11:26.649000');
INSERT INTO public.feedback (id, answer, criteria_id, transit_id, user_id, date) VALUES (67, '[{"answer":2,"weight":7}]', 7, 10365, 1, '2018-07-06 10:11:26.804000');
INSERT INTO public.feedback (id, answer, criteria_id, transit_id, user_id, date) VALUES (68, '"NO"', 11, 10365, 1, '2018-07-06 10:11:26.886000');
INSERT INTO public.feedback (id, answer, criteria_id, transit_id, user_id, date) VALUES (69, '{"startTime":{"hour":11,"minute":11},"endTime":{"hour":12,"minute":12},"capacity":"25"}', 18, 10365, 1, '2018-07-06 10:11:27.019000');
INSERT INTO public.feedback (id, answer, criteria_id, transit_id, user_id, date) VALUES (70, '{"startTime":{"hour":11,"minute":11},"endTime":{"hour":12,"minute":12},"capacity":"25"}', 18, 10365, 1, '2018-07-06 10:11:27.117000');
INSERT INTO public.feedback (id, answer, criteria_id, transit_id, user_id, date) VALUES (71, '"NO"', 10, 25, 1, '2018-07-06 10:13:14.360000');
INSERT INTO public.feedback (id, answer, criteria_id, transit_id, user_id, date) VALUES (72, '[{"answer":4,"weight":4}]', 4, 25, 1, '2018-07-06 10:13:14.506000');
INSERT INTO public.feedback (id, answer, criteria_id, transit_id, user_id, date) VALUES (73, '[{"answer":3,"weight":5}]', 5, 25, 1, '2018-07-06 10:13:14.634000');
INSERT INTO public.feedback (id, answer, criteria_id, transit_id, user_id, date) VALUES (74, '{"startTime":{"hour":11,"minute":11},"endTime":{"hour":12,"minute":12},"capacity":"25"}', 17, 25, 1, '2018-07-06 10:13:14.711000');
INSERT INTO public.feedback (id, answer, criteria_id, transit_id, user_id, date) VALUES (75, '{"startTime":{"hour":11,"minute":11},"endTime":{"hour":12,"minute":12},"capacity":"25"}', 17, 25, 1, '2018-07-06 10:13:14.796000');
INSERT INTO public.feedback (id, answer, criteria_id, transit_id, user_id, date) VALUES (79, '{"startTime":{"hour":11,"minute":11},"endTime":{"hour":12,"minute":12},"capacity":"25"}', 17, 21, 1, '2018-07-09 21:39:30.306000');
INSERT INTO public.feedback (id, answer, criteria_id, transit_id, user_id, date) VALUES (77, '[{"answer":2,"weight":7}]', 5, 21, 1, '2018-07-09 21:39:30.094000');
INSERT INTO public.feedback (id, answer, criteria_id, transit_id, user_id, date) VALUES (76, '[{"answer":2,"weight":7}]', 4, 21, 1, '2018-07-09 21:39:30.056000');
INSERT INTO public.feedback (id, answer, criteria_id, transit_id, user_id, date) VALUES (80, '[{"answer":3,"weight":5},{"answer":7,"weight":2}]', 4, 23, 1, '2018-07-10 17:34:37.305000');
INSERT INTO public.feedback (id, answer, criteria_id, transit_id, user_id, date) VALUES (81, '[{"answer":3,"weight":3}]', 5, 23, 1, '2018-07-10 17:34:37.352000');
INSERT INTO public.feedback (id, answer, criteria_id, transit_id, user_id, date) VALUES (82, '"NO"', 10, 23, 1, '2018-07-10 17:34:37.386000');
INSERT INTO public.feedback (id, answer, criteria_id, transit_id, user_id, date) VALUES (83, '[{"answer":6,"weight":5},{"answer":3,"weight":5}]', 6, 10365, 1, '2018-07-11 10:14:55.835000');
INSERT INTO public.feedback (id, answer, criteria_id, transit_id, user_id, date) VALUES (84, '[{"answer":7,"weight":2},{"answer":3,"weight":6}]', 7, 10365, 1, '2018-07-11 10:14:55.876000');
INSERT INTO public.feedback (id, answer, criteria_id, transit_id, user_id, date) VALUES (85, '"NO"', 11, 10365, 1, '2018-07-11 10:14:55.913000');
INSERT INTO public.feedback (id, answer, criteria_id, transit_id, user_id, date) VALUES (86, '{"from":{"id":110,"street":"Церква Анни","lat":49.842787859682,"lng":24.018092751503,"direction":"FORWARD"},"to":{"id":113,"street":"пл. Кропивницького","lat":49.837730407714844,"lng":24.005586624145508,"direction":"FORWARD"},"capacity":"56"}', 14, 10365, 1, '2018-07-11 10:14:55.952000');
INSERT INTO public.feedback (id, answer, criteria_id, transit_id, user_id, date) VALUES (87, '{"startTime":{"hour":10,"minute":14},"endTime":{"hour":11,"minute":14},"capacity":"56"}', 18, 10365, 1, '2018-07-11 10:14:55.988000');
INSERT INTO public.feedback (id, answer, criteria_id, transit_id, user_id, date) VALUES (88, '[{"answer":6,"weight":5},{"answer":3,"weight":5}]', 6, 10365, 1, '2018-07-11 10:15:04.850000');
INSERT INTO public.feedback (id, answer, criteria_id, transit_id, user_id, date) VALUES (89, '[{"answer":7,"weight":2},{"answer":3,"weight":6}]', 7, 10365, 1, '2018-07-11 10:15:04.893000');
INSERT INTO public.feedback (id, answer, criteria_id, transit_id, user_id, date) VALUES (90, '"NO"', 11, 10365, 1, '2018-07-11 10:15:04.941000');
INSERT INTO public.feedback (id, answer, criteria_id, transit_id, user_id, date) VALUES (91, '{"from":{"id":110,"street":"Церква Анни","lat":49.842787859682,"lng":24.018092751503,"direction":"FORWARD"},"to":{"id":113,"street":"пл. Кропивницького","lat":49.837730407714844,"lng":24.005586624145508,"direction":"FORWARD"},"capacity":"56"}', 14, 10365, 1, '2018-07-11 10:15:04.979000');
INSERT INTO public.feedback (id, answer, criteria_id, transit_id, user_id, date) VALUES (92, '{"startTime":{"hour":10,"minute":14},"endTime":{"hour":11,"minute":14},"capacity":"56"}', 18, 10365, 1, '2018-07-11 10:15:05.015000');
INSERT INTO public.feedback (id, answer, criteria_id, transit_id, user_id, date) VALUES (93, '[{"answer":3,"weight":5},{"answer":6,"weight":5}]', 6, 10365, 1, '2018-07-11 10:21:45.471000');
INSERT INTO public.feedback (id, answer, criteria_id, transit_id, user_id, date) VALUES (94, '[{"answer":3,"weight":2},{"answer":7,"weight":6}]', 7, 10365, 1, '2018-07-11 10:21:45.616000');
INSERT INTO public.feedback (id, answer, criteria_id, transit_id, user_id, date) VALUES (95, '"NO"', 11, 10365, 1, '2018-07-11 10:21:45.690000');
INSERT INTO public.feedback (id, answer, criteria_id, transit_id, user_id, date) VALUES (96, '{"startTime":{"hour":10,"minute":21},"endTime":{"hour":11,"minute":21},"capacity":"45"}', 18, 10365, 1, '2018-07-11 10:21:45.776000');
INSERT INTO public.feedback (id, answer, criteria_id, transit_id, user_id, date) VALUES (97, '{"from":{"id":108,"street":"пл. Різні","lat":49.84550094604492,"lng":24.02606964111328,"direction":"FORWARD"},"to":{"id":113,"street":"пл. Кропивницького","lat":49.837730407714844,"lng":24.005586624145508,"direction":"FORWARD"},"capacity":"45"}', 14, 10365, 1, '2018-07-11 10:21:45.886000');