INSERT INTO public.category (type, id, name, next_level_category_id, icon_url) VALUES ('EXTENDABLE', 1, 'Public Transport', null, 'static/bus.png');
INSERT INTO public.category (type, id, name, next_level_category_id, icon_url) VALUES ('EXTENDABLE', 8, 'Taxi', null, 'static/taxi.png');
INSERT INTO public.category (type, id, name, next_level_category_id, icon_url) VALUES ('EXTENDABLE', 2, 'Lviv', 1, 'static/lviv.png');
INSERT INTO public.category (type, id, name, next_level_category_id, icon_url) VALUES ('EXTENDABLE', 3, 'Kyiv', 1, 'static/kyiv.png');
INSERT INTO public.category (type, id, name, next_level_category_id, icon_url) VALUES ('NON_EXTENDABLE', 4, 'Tram', 2, 'static/tram.png');
INSERT INTO public.category (type, id, name, next_level_category_id, icon_url) VALUES ('NON_EXTENDABLE', 5, 'Trolleybus', 2, 'static/trolleybus.png');
INSERT INTO public.category (type, id, name, next_level_category_id, icon_url) VALUES ('NON_EXTENDABLE', 6, 'Bus', 2, 'static/bigbus.png');
INSERT INTO public.category (type, id, name, next_level_category_id, icon_url) VALUES ('NON_EXTENDABLE', 7, 'Marshrutka', 2, 'static/van.png');

INSERT INTO public.geotag (id, latitude, longtitude, name) VALUES (1, 49.83826, 24.02324, '#Lviv');
INSERT INTO public.geotag (id, latitude, longtitude, name) VALUES (2, 50.4501, 30.5234, '#Kyiv');

update public.category set geotag_id=1 where id=2;
update public.category set geotag_id=2 where id=3;

INSERT INTO public.transit (id, name, category_id) VALUES (21, '1А', 6);
INSERT INTO public.transit (id, name, category_id) VALUES (10366, '3Н', 7);
INSERT INTO public.transit (id, name, category_id) VALUES (10364, '1Н', 7);
INSERT INTO public.transit (id, name, category_id) VALUES (316, '2A', 6);
INSERT INTO public.transit (id, name, category_id) VALUES (10365, '2Н', 7);
INSERT INTO public.transit (id, name, category_id) VALUES (23, '3А', 6);
INSERT INTO public.transit (id, name, category_id) VALUES (168, '4А', 6);
INSERT INTO public.transit (id, name, category_id) VALUES (10367, '4Н', 7);
INSERT INTO public.transit (id, name, category_id) VALUES (25, '5А', 6);

INSERT INTO public.stop (id, dir, lat, lng, street) VALUES (1, 'FORWARD', 49.873692695218, 24.060354471207, 'ринок "Галицьке перехрестя"');
INSERT INTO public.stop (id, dir, lat, lng, street) VALUES (2, 'FORWARD', 49.86952258602, 24.056770317288, 'ТЦ "ВАМ"');
INSERT INTO public.stop (id, dir, lat, lng, street) VALUES (3, 'FORWARD', 49.86516499674, 24.050964415073, 'Автостанція №2');
INSERT INTO public.stop (id, dir, lat, lng, street) VALUES (4, 'FORWARD', 49.865291595458984, 24.043611526489258, 'вул. Липинського - вул. Миколайчука');
INSERT INTO public.stop (id, dir, lat, lng, street) VALUES (5, 'FORWARD', 49.86494445800781, 24.04070472717285, 'БТІ');
INSERT INTO public.stop (id, dir, lat, lng, street) VALUES (6, 'FORWARD', 49.86345672607422, 24.032636642456055, 'вул. Бетховена');
INSERT INTO public.stop (id, dir, lat, lng, street) VALUES (7, 'FORWARD', 49.859798431396484, 24.026199340820312, 'вул. Замарстинівська');
INSERT INTO public.stop (id, dir, lat, lng, street) VALUES (8, 'FORWARD', 49.856073810287, 24.021730542183, 'Шевченківська адміністрація');
INSERT INTO public.stop (id, dir, lat, lng, street) VALUES (9, 'FORWARD', 49.8542594909668, 24.0227069854736, 'вул. Хімічна');
INSERT INTO public.stop (id, dir, lat, lng, street) VALUES (10, 'FORWARD', 49.849702793762, 24.024629294872, 'пл. 700-річчя Львова');
INSERT INTO public.stop (id, dir, lat, lng, street) VALUES (11, 'FORWARD', 49.845380643474, 24.025082588195, 'пр. В''ячеслава Чорновола');
INSERT INTO public.stop (id, dir, lat, lng, street) VALUES (12, 'FORWARD', 49.84406280517578, 24.025632858276367, 'Театр опери та балету');
INSERT INTO public.stop (id, dir, lat, lng, street) VALUES (13, 'FORWARD', 49.84012222290039, 24.028125762939453, 'пр. Свободи');
INSERT INTO public.stop (id, dir, lat, lng, street) VALUES (14, 'FORWARD', 49.83925247192383, 24.032533645629883, 'пл. Галицька');
INSERT INTO public.stop (id, dir, lat, lng, street) VALUES (15, 'BACKWARD', 49.83925247192383, 24.032533645629883, 'пл. Галицька');
INSERT INTO public.stop (id, dir, lat, lng, street) VALUES (16, 'BACKWARD', 49.8424339294434, 24.0351810455322, 'вул. Підвальна');
INSERT INTO public.stop (id, dir, lat, lng, street) VALUES (17, 'BACKWARD', 49.844815224729, 24.02779519558, 'вул. Театральна');
INSERT INTO public.stop (id, dir, lat, lng, street) VALUES (18, 'BACKWARD', 49.846617393635, 24.025656580925, 'пр. В''ячеслава Чорновола');
INSERT INTO public.stop (id, dir, lat, lng, street) VALUES (19, 'BACKWARD', 49.85117721557617, 24.024429321289062, 'БК ім. Гната Хоткевича');
INSERT INTO public.stop (id, dir, lat, lng, street) VALUES (20, 'BACKWARD', 49.854419797868, 24.022954719296, 'вул. Хімічна');
INSERT INTO public.stop (id, dir, lat, lng, street) VALUES (21, 'BACKWARD', 49.857194449399, 24.02271424653, 'Шевченківська адміністрація');
INSERT INTO public.stop (id, dir, lat, lng, street) VALUES (22, 'BACKWARD', 49.860559484929, 24.02766447143, 'вул. Замарстинівська');
INSERT INTO public.stop (id, dir, lat, lng, street) VALUES (23, 'BACKWARD', 49.864850137928, 24.042034405046, 'БТІ');
INSERT INTO public.stop (id, dir, lat, lng, street) VALUES (24, 'BACKWARD', 49.864861962002, 24.051683306694, 'Автостанція №2');
INSERT INTO public.stop (id, dir, lat, lng, street) VALUES (25, 'BACKWARD', 49.868465893996, 24.056344091892, 'ТЦ "ВАМ"');
INSERT INTO public.stop (id, dir, lat, lng, street) VALUES (26, 'BACKWARD', 49.873692695218, 24.060354471207, 'ринок "Галицьке перехрестя"');
INSERT INTO public.stop (id, dir, lat, lng, street) VALUES (27, 'FORWARD', 49.83920669555664, 23.994436264038086, 'Залізничний вокзал');
INSERT INTO public.stop (id, dir, lat, lng, street) VALUES (28, 'FORWARD', 49.837576118462, 23.999875186564, 'Приміський вокзал');
INSERT INTO public.stop (id, dir, lat, lng, street) VALUES (29, 'FORWARD', 49.837345123291016, 24.0047550201416, 'Церква святих Ольги та Єлизавети');
INSERT INTO public.stop (id, dir, lat, lng, street) VALUES (30, 'FORWARD', 49.84020188544, 24.012513697147, 'Цирк');
INSERT INTO public.stop (id, dir, lat, lng, street) VALUES (31, 'FORWARD', 49.84185791015625, 24.016496658325195, 'Театр ім. Лесі Українки');
INSERT INTO public.stop (id, dir, lat, lng, street) VALUES (32, 'FORWARD', 49.843182234696, 24.022824168205, 'вул. Северина Наливайка');
INSERT INTO public.stop (id, dir, lat, lng, street) VALUES (33, 'FORWARD', 49.84550094604492, 24.02606964111328, 'пл. Різні');
INSERT INTO public.stop (id, dir, lat, lng, street) VALUES (34, 'FORWARD', 49.846617393635, 24.025656580925, 'пр. В''ячеслава Чорновола');
INSERT INTO public.stop (id, dir, lat, lng, street) VALUES (35, 'FORWARD', 49.85117721557617, 24.024429321289062, 'БК ім. Гната Хоткевича');
INSERT INTO public.stop (id, dir, lat, lng, street) VALUES (36, 'FORWARD', 49.854419797868, 24.022954719296, 'вул. Хімічна');
INSERT INTO public.stop (id, dir, lat, lng, street) VALUES (37, 'FORWARD', 49.857733213219, 24.021338224411, 'Шевченківська адміністрація');
INSERT INTO public.stop (id, dir, lat, lng, street) VALUES (38, 'FORWARD', 49.86256408691406, 24.018701553344727, 'вул. Торф''яна');
INSERT INTO public.stop (id, dir, lat, lng, street) VALUES (39, 'FORWARD', 49.865886275695, 24.016999483109, 'вул. Варшавська');
INSERT INTO public.stop (id, dir, lat, lng, street) VALUES (40, 'FORWARD', 49.869363429849, 24.018340114317, 'вул. Замарстинівська');
INSERT INTO public.stop (id, dir, lat, lng, street) VALUES (41, 'FORWARD', 49.869303699501, 24.025030612945, 'вул. Гетьмана Мазепи');
INSERT INTO public.stop (id, dir, lat, lng, street) VALUES (42, 'FORWARD', 49.87049102783203, 24.032577514648438, 'вул. Пилипа Орлика');
INSERT INTO public.stop (id, dir, lat, lng, street) VALUES (43, 'FORWARD', 49.87169640453, 24.039510287623, 'Поліклініка №2');
INSERT INTO public.stop (id, dir, lat, lng, street) VALUES (44, 'FORWARD', 49.87236404418945, 24.043548583984375, 'вул. Плугова');
INSERT INTO public.stop (id, dir, lat, lng, street) VALUES (45, 'FORWARD', 49.872481287654, 24.050791262527, 'вул. Грінченка');
INSERT INTO public.stop (id, dir, lat, lng, street) VALUES (46, 'FORWARD', 49.870609441824, 24.05521711661, 'вул. Чигиринська');
INSERT INTO public.stop (id, dir, lat, lng, street) VALUES (47, 'FORWARD', 49.873692695218, 24.060354471207, 'ринок "Галицьке перехрестя"');
INSERT INTO public.stop (id, dir, lat, lng, street) VALUES (48, 'BACKWARD', 49.873692695218, 24.060354471207, 'ринок "Галицьке перехрестя"');
INSERT INTO public.stop (id, dir, lat, lng, street) VALUES (49, 'BACKWARD', 49.87204360961914, 24.052310943603516, 'вул. Грінченка');
INSERT INTO public.stop (id, dir, lat, lng, street) VALUES (50, 'BACKWARD', 49.87289263023, 24.050210419659, 'вул. Грінченка (на вимогу)');
INSERT INTO public.stop (id, dir, lat, lng, street) VALUES (51, 'BACKWARD', 49.87263870239258, 24.043907165527344, 'вул. Плугова');
INSERT INTO public.stop (id, dir, lat, lng, street) VALUES (52, 'BACKWARD', 49.87221908569336, 24.04161834716797, 'на вимогу');
INSERT INTO public.stop (id, dir, lat, lng, street) VALUES (53, 'BACKWARD', 49.871811514731, 24.038945340226, 'Поліклініка №2');
INSERT INTO public.stop (id, dir, lat, lng, street) VALUES (54, 'BACKWARD', 49.870584736432, 24.03145635128, 'вул. Пилипа Орлика');
INSERT INTO public.stop (id, dir, lat, lng, street) VALUES (55, 'BACKWARD', 49.869596659909, 24.02549725771, 'вул. Гетьмана Мазепи');
INSERT INTO public.stop (id, dir, lat, lng, street) VALUES (56, 'BACKWARD', 49.870313101917, 24.020671024375, 'вул. Замарстинівська');
INSERT INTO public.stop (id, dir, lat, lng, street) VALUES (57, 'BACKWARD', 49.86645919391, 24.016106128693, 'вул. Варшавська');
INSERT INTO public.stop (id, dir, lat, lng, street) VALUES (58, 'BACKWARD', 49.861729597501, 24.018580436707, 'вул. Торф''яна');
INSERT INTO public.stop (id, dir, lat, lng, street) VALUES (59, 'BACKWARD', 49.857832531102, 24.020690619946, 'Шевченківська адміністрація');
INSERT INTO public.stop (id, dir, lat, lng, street) VALUES (60, 'BACKWARD', 49.856073810287, 24.021730542183, 'Шевченківська адміністрація');
INSERT INTO public.stop (id, dir, lat, lng, street) VALUES (61, 'BACKWARD', 49.8542594909668, 24.0227069854736, 'вул. Хімічна');
INSERT INTO public.stop (id, dir, lat, lng, street) VALUES (62, 'BACKWARD', 49.849702793762, 24.024629294872, 'пл. 700-річчя Львова');
INSERT INTO public.stop (id, dir, lat, lng, street) VALUES (63, 'BACKWARD', 49.845380643474, 24.025082588195, 'пр. В''ячеслава Чорновола');
INSERT INTO public.stop (id, dir, lat, lng, street) VALUES (64, 'BACKWARD', 49.844024595114, 24.024272561073, 'ТЦ "Магнус"');
INSERT INTO public.stop (id, dir, lat, lng, street) VALUES (65, 'BACKWARD', 49.842787859682, 24.018092751503, 'Церква Анни');
INSERT INTO public.stop (id, dir, lat, lng, street) VALUES (66, 'BACKWARD', 49.84245921138, 24.015432000161, 'Театр ім. Лесі Українки');
INSERT INTO public.stop (id, dir, lat, lng, street) VALUES (67, 'BACKWARD', 49.84025192260742, 24.01207733154297, 'Цирк');
INSERT INTO public.stop (id, dir, lat, lng, street) VALUES (68, 'BACKWARD', 49.837730407714844, 24.005586624145508, 'пл. Кропивницького');
INSERT INTO public.stop (id, dir, lat, lng, street) VALUES (69, 'BACKWARD', 49.837701776976, 24.000205770135, 'Приміський вокзал');
INSERT INTO public.stop (id, dir, lat, lng, street) VALUES (70, 'BACKWARD', 49.83920669555664, 23.994436264038086, 'Залізничний вокзал');
INSERT INTO public.stop (id, dir, lat, lng, street) VALUES (71, 'FORWARD', 49.820945739746094, 23.916109085083008, 'Кільцева дорога');
INSERT INTO public.stop (id, dir, lat, lng, street) VALUES (72, 'FORWARD', 49.822556871116, 23.925238191815, 'Торгові центри');
INSERT INTO public.stop (id, dir, lat, lng, street) VALUES (73, 'FORWARD', 49.823474865147, 23.930122741174, 'вул. Станційна');
INSERT INTO public.stop (id, dir, lat, lng, street) VALUES (74, 'FORWARD', 49.827030181884766, 23.949111938476562, 'Церква Вознесіння Господнього');
INSERT INTO public.stop (id, dir, lat, lng, street) VALUES (75, 'FORWARD', 49.826970993844, 23.954443092465, 'вул. Ряшівська');
INSERT INTO public.stop (id, dir, lat, lng, street) VALUES (76, 'FORWARD', 49.82405090332031, 23.95569610595703, 'вул. Сигнівка');
INSERT INTO public.stop (id, dir, lat, lng, street) VALUES (77, 'FORWARD', 49.822972112979, 23.961421333343, 'вул. Патона');
INSERT INTO public.stop (id, dir, lat, lng, street) VALUES (78, 'FORWARD', 49.822563325789, 23.965689897537, 'вул. Кричевського');
INSERT INTO public.stop (id, dir, lat, lng, street) VALUES (79, 'FORWARD', 49.820834721943, 23.969820141792, 'вул. Виговського');
INSERT INTO public.stop (id, dir, lat, lng, street) VALUES (80, 'FORWARD', 49.82263946533203, 23.974496841430664, 'вул. Караджича');
INSERT INTO public.stop (id, dir, lat, lng, street) VALUES (81, 'FORWARD', 49.824895092365, 23.979120850563, 'Будинок Меблів');
INSERT INTO public.stop (id, dir, lat, lng, street) VALUES (82, 'FORWARD', 49.826629638671875, 23.983524322509766, 'вул. Окружна');
INSERT INTO public.stop (id, dir, lat, lng, street) VALUES (83, 'FORWARD', 49.82555849633, 23.990446209908, 'вул. Антоновича');
INSERT INTO public.stop (id, dir, lat, lng, street) VALUES (84, 'FORWARD', 49.82985305786133, 23.99814796447754, 'вул. Максима Залізняка');
INSERT INTO public.stop (id, dir, lat, lng, street) VALUES (85, 'FORWARD', 49.831632741752, 24.001237254088, 'вул. Мельника');
INSERT INTO public.stop (id, dir, lat, lng, street) VALUES (86, 'FORWARD', 49.83448028564453, 24.006872177124023, 'вул. Степана Бандери');
INSERT INTO public.stop (id, dir, lat, lng, street) VALUES (87, 'FORWARD', 49.836868388546, 24.012822210789, 'пл. Святого Юра');
INSERT INTO public.stop (id, dir, lat, lng, street) VALUES (88, 'FORWARD', 49.836353302002, 24.0158672332764, 'вул. Устияновича');
INSERT INTO public.stop (id, dir, lat, lng, street) VALUES (89, 'FORWARD', 49.83979415893555, 24.022354125976562, 'Університет ім. Івана Франка');
INSERT INTO public.stop (id, dir, lat, lng, street) VALUES (90, 'BACKWARD', 49.83979415893555, 24.022354125976562, 'Університет ім. Івана Франка');
INSERT INTO public.stop (id, dir, lat, lng, street) VALUES (91, 'BACKWARD', 49.83708808964, 24.011738598347, 'пл. Святого Юра');
INSERT INTO public.stop (id, dir, lat, lng, street) VALUES (92, 'BACKWARD', 49.835619237611, 24.00582575798, 'вул. Степана Бандери');
INSERT INTO public.stop (id, dir, lat, lng, street) VALUES (93, 'BACKWARD', 49.833426046227, 24.001364349761, 'пл. Липнева');
INSERT INTO public.stop (id, dir, lat, lng, street) VALUES (94, 'BACKWARD', 49.83063298626, 23.995478212833, 'вул. Смаль-Стоцького');
INSERT INTO public.stop (id, dir, lat, lng, street) VALUES (95, 'BACKWARD', 49.829166955312, 23.992228197326, 'вул. Копистинського');
INSERT INTO public.stop (id, dir, lat, lng, street) VALUES (96, 'BACKWARD', 49.827375902736, 23.983153164387, 'вул. Окружна');
INSERT INTO public.stop (id, dir, lat, lng, street) VALUES (97, 'BACKWARD', 49.823981021499, 23.976722224318, 'Будинок Меблів');
INSERT INTO public.stop (id, dir, lat, lng, street) VALUES (98, 'BACKWARD', 49.8221549987793, 23.97268295288086, 'вул. Караджича');
INSERT INTO public.stop (id, dir, lat, lng, street) VALUES (99, 'BACKWARD', 49.822841213089, 23.965338170528, 'вул. Кричевського');
INSERT INTO public.stop (id, dir, lat, lng, street) VALUES (100, 'BACKWARD', 49.823219856899, 23.960576609752, 'вул. Патона');
INSERT INTO public.stop (id, dir, lat, lng, street) VALUES (101, 'BACKWARD', 49.824302673339844, 23.956087112426758, 'вул. Сигнівка');
INSERT INTO public.stop (id, dir, lat, lng, street) VALUES (102, 'BACKWARD', 49.826836632246, 23.955012727327, 'вул. Ряшівська');
INSERT INTO public.stop (id, dir, lat, lng, street) VALUES (103, 'BACKWARD', 49.826840509359, 23.946539402008, 'Церква Вознесіння Господнього');
INSERT INTO public.stop (id, dir, lat, lng, street) VALUES (104, 'BACKWARD', 49.823524165253, 23.928949506509, 'вул. Станційна');
INSERT INTO public.stop (id, dir, lat, lng, street) VALUES (105, 'BACKWARD', 49.82271147487, 23.924234330654, 'Торгові центри');
INSERT INTO public.stop (id, dir, lat, lng, street) VALUES (106, 'BACKWARD', 49.821617757525, 23.918416619301, 'ТЦ "METRO"');
INSERT INTO public.stop (id, dir, lat, lng, street) VALUES (107, 'BACKWARD', 49.820945739746094, 23.916109085083008, 'Кільцева дорога');
INSERT INTO public.stop (id, dir, lat, lng, street) VALUES (108, 'FORWARD', 49.84550094604492, 24.02606964111328, 'пл. Різні');
INSERT INTO public.stop (id, dir, lat, lng, street) VALUES (109, 'FORWARD', 49.844024595114, 24.024272561073, 'ТЦ "Магнус"');
INSERT INTO public.stop (id, dir, lat, lng, street) VALUES (110, 'FORWARD', 49.842787859682, 24.018092751503, 'Церква Анни');
INSERT INTO public.stop (id, dir, lat, lng, street) VALUES (111, 'FORWARD', 49.84245921138, 24.015432000161, 'Театр ім. Лесі Українки');
INSERT INTO public.stop (id, dir, lat, lng, street) VALUES (112, 'FORWARD', 49.84025192260742, 24.01207733154297, 'Цирк');
INSERT INTO public.stop (id, dir, lat, lng, street) VALUES (113, 'FORWARD', 49.837730407714844, 24.005586624145508, 'пл. Кропивницького');
INSERT INTO public.stop (id, dir, lat, lng, street) VALUES (114, 'FORWARD', 49.837701776976, 24.000205770135, 'Приміський вокзал');
INSERT INTO public.stop (id, dir, lat, lng, street) VALUES (115, 'FORWARD', 49.83920669555664, 23.994436264038086, 'Залізничний вокзал');
INSERT INTO public.stop (id, dir, lat, lng, street) VALUES (116, 'FORWARD', 49.837576118462, 23.999875186564, 'Приміський вокзал');
INSERT INTO public.stop (id, dir, lat, lng, street) VALUES (117, 'FORWARD', 49.83646358234, 23.99934142828, 'Привокзальний ринок');
INSERT INTO public.stop (id, dir, lat, lng, street) VALUES (118, 'FORWARD', 49.835601806640625, 23.994720458984375, 'вул. Городоцька-Смаль-Стоцького');
INSERT INTO public.stop (id, dir, lat, lng, street) VALUES (119, 'FORWARD', 49.834017386609, 23.990678975446, 'вул. Городоцька - вул. Кульпарківська');
INSERT INTO public.stop (id, dir, lat, lng, street) VALUES (120, 'FORWARD', 49.827375902736, 23.983153164387, 'вул. Окружна');
INSERT INTO public.stop (id, dir, lat, lng, street) VALUES (121, 'FORWARD', 49.823981021499, 23.976722224318, 'Будинок Меблів');
INSERT INTO public.stop (id, dir, lat, lng, street) VALUES (122, 'FORWARD', 49.8221549987793, 23.97268295288086, 'вул. Караджича');
INSERT INTO public.stop (id, dir, lat, lng, street) VALUES (123, 'FORWARD', 49.822841213089, 23.965338170528, 'вул. Кричевського');
INSERT INTO public.stop (id, dir, lat, lng, street) VALUES (124, 'FORWARD', 49.823219856899, 23.960576609752, 'вул. Патона');
INSERT INTO public.stop (id, dir, lat, lng, street) VALUES (125, 'FORWARD', 49.824302673339844, 23.956087112426758, 'вул. Сигнівка');
INSERT INTO public.stop (id, dir, lat, lng, street) VALUES (126, 'FORWARD', 49.826836632246, 23.955012727327, 'вул. Ряшівська');
INSERT INTO public.stop (id, dir, lat, lng, street) VALUES (127, 'FORWARD', 49.826840509359, 23.946539402008, 'Церква Вознесіння Господнього');
INSERT INTO public.stop (id, dir, lat, lng, street) VALUES (128, 'FORWARD', 49.823524165253, 23.928949506509, 'вул. Станційна');
INSERT INTO public.stop (id, dir, lat, lng, street) VALUES (129, 'FORWARD', 49.82271147487, 23.924234330654, 'Торгові центри');
INSERT INTO public.stop (id, dir, lat, lng, street) VALUES (130, 'FORWARD', 49.821617757525, 23.918416619301, 'ТЦ "METRO"');
INSERT INTO public.stop (id, dir, lat, lng, street) VALUES (131, 'BACKWARD', 49.820945739746094, 23.916109085083008, 'Кільцева дорога');
INSERT INTO public.stop (id, dir, lat, lng, street) VALUES (132, 'BACKWARD', 49.821635062315, 23.920088469982, 'ТЦ "METRO"');
INSERT INTO public.stop (id, dir, lat, lng, street) VALUES (133, 'BACKWARD', 49.822556871116, 23.925238191815, 'Торгові центри');
INSERT INTO public.stop (id, dir, lat, lng, street) VALUES (134, 'BACKWARD', 49.823474865147, 23.930122741174, 'вул. Станційна');
INSERT INTO public.stop (id, dir, lat, lng, street) VALUES (135, 'BACKWARD', 49.827030181884766, 23.949111938476562, 'Церква Вознесіння Господнього');
INSERT INTO public.stop (id, dir, lat, lng, street) VALUES (136, 'BACKWARD', 49.826970993844, 23.954443092465, 'вул. Ряшівська');
INSERT INTO public.stop (id, dir, lat, lng, street) VALUES (137, 'BACKWARD', 49.82405090332031, 23.95569610595703, 'вул. Сигнівка');
INSERT INTO public.stop (id, dir, lat, lng, street) VALUES (138, 'BACKWARD', 49.822972112979, 23.961421333343, 'вул. Патона');
INSERT INTO public.stop (id, dir, lat, lng, street) VALUES (139, 'BACKWARD', 49.822563325789, 23.965689897537, 'вул. Кричевського');
INSERT INTO public.stop (id, dir, lat, lng, street) VALUES (140, 'BACKWARD', 49.820834721943, 23.969820141792, 'вул. Виговського');
INSERT INTO public.stop (id, dir, lat, lng, street) VALUES (141, 'BACKWARD', 49.82263946533203, 23.974496841430664, 'вул. Караджича');
INSERT INTO public.stop (id, dir, lat, lng, street) VALUES (142, 'BACKWARD', 49.824895092365, 23.979120850563, 'Будинок Меблів');
INSERT INTO public.stop (id, dir, lat, lng, street) VALUES (143, 'BACKWARD', 49.827295717426, 23.982545435429, 'вул. Окружна');
INSERT INTO public.stop (id, dir, lat, lng, street) VALUES (144, 'BACKWARD', 49.832481518353, 23.979159899831, 'вул. Окружна');
INSERT INTO public.stop (id, dir, lat, lng, street) VALUES (145, 'BACKWARD', 49.833426805763, 23.984559237957, 'вул. Народна');
INSERT INTO public.stop (id, dir, lat, lng, street) VALUES (146, 'BACKWARD', 49.8344612121582, 23.990053176879883, 'вул. Городоцька-Кульпарківська');
INSERT INTO public.stop (id, dir, lat, lng, street) VALUES (147, 'BACKWARD', 49.835323333740234, 23.994918823242188, 'вул. Городоцька-Смаль-Стоцького');
INSERT INTO public.stop (id, dir, lat, lng, street) VALUES (148, 'BACKWARD', 49.836124511286, 23.999373614788, 'Привокзальний ринок');
INSERT INTO public.stop (id, dir, lat, lng, street) VALUES (149, 'BACKWARD', 49.837701776976, 24.000205770135, 'Приміський вокзал');
INSERT INTO public.stop (id, dir, lat, lng, street) VALUES (150, 'BACKWARD', 49.83920669555664, 23.994436264038086, 'Залізничний вокзал');
INSERT INTO public.stop (id, dir, lat, lng, street) VALUES (151, 'BACKWARD', 49.837576118462, 23.999875186564, 'Приміський вокзал');
INSERT INTO public.stop (id, dir, lat, lng, street) VALUES (152, 'BACKWARD', 49.837345123291016, 24.0047550201416, 'Церква святих Ольги та Єлизавети');
INSERT INTO public.stop (id, dir, lat, lng, street) VALUES (153, 'BACKWARD', 49.84020188544, 24.012513697147, 'Цирк');
INSERT INTO public.stop (id, dir, lat, lng, street) VALUES (154, 'BACKWARD', 49.84185791015625, 24.016496658325195, 'Театр ім. Лесі Українки');
INSERT INTO public.stop (id, dir, lat, lng, street) VALUES (155, 'BACKWARD', 49.843182234696, 24.022824168205, 'вул. Северина Наливайка');
INSERT INTO public.stop (id, dir, lat, lng, street) VALUES (156, 'BACKWARD', 49.84550094604492, 24.02606964111328, 'пл. Різні');
INSERT INTO public.stop (id, dir, lat, lng, street) VALUES (157, 'FORWARD', 49.774044036865234, 24.012466430664062, 'ТРЦ "King Cross Leopolis"');
INSERT INTO public.stop (id, dir, lat, lng, street) VALUES (158, 'FORWARD', 49.774748393877, 24.014426290989, 'ТРЦ "King Cross Leopolis"');
INSERT INTO public.stop (id, dir, lat, lng, street) VALUES (159, 'FORWARD', 49.78413772583008, 24.014429092407227, 'вул. Сокільницька');
INSERT INTO public.stop (id, dir, lat, lng, street) VALUES (160, 'FORWARD', 49.7873229980469, 24.017053604126, 'Автовокзал');
INSERT INTO public.stop (id, dir, lat, lng, street) VALUES (161, 'FORWARD', 49.79249954223633, 24.016159057617188, 'вул. Михайла Максимовича');
INSERT INTO public.stop (id, dir, lat, lng, street) VALUES (162, 'FORWARD', 49.794638773451, 24.016646802425, 'вул. Ярослава Гашека');
INSERT INTO public.stop (id, dir, lat, lng, street) VALUES (163, 'FORWARD', 49.797994731844, 24.017358660698, 'вул. Скорини');
INSERT INTO public.stop (id, dir, lat, lng, street) VALUES (164, 'FORWARD', 49.802592204798, 24.018370687962, 'вул. Стрийська - вул. Хуторівка');
INSERT INTO public.stop (id, dir, lat, lng, street) VALUES (165, 'FORWARD', 49.80847642065, 24.019370913506, 'Автобусний завод');
INSERT INTO public.stop (id, dir, lat, lng, street) VALUES (166, 'FORWARD', 49.815135495584, 24.020076572895, 'Податкова');
INSERT INTO public.stop (id, dir, lat, lng, street) VALUES (167, 'FORWARD', 49.820243955525, 24.020444363866, 'Дитяча залізниця');
INSERT INTO public.stop (id, dir, lat, lng, street) VALUES (168, 'FORWARD', 49.8251609802246, 24.0229797363281, 'Парк Культури');
INSERT INTO public.stop (id, dir, lat, lng, street) VALUES (169, 'FORWARD', 49.829432412638, 24.032263261227, 'Стрийський ринок');
INSERT INTO public.stop (id, dir, lat, lng, street) VALUES (170, 'FORWARD', 49.833832468585, 24.035482979927, 'пл. Петрушевича');
INSERT INTO public.stop (id, dir, lat, lng, street) VALUES (171, 'FORWARD', 49.83738723816, 24.035067915916, 'вул. Володимира Шухевича');
INSERT INTO public.stop (id, dir, lat, lng, street) VALUES (172, 'FORWARD', 49.8424339294434, 24.0351810455322, 'вул. Підвальна');
INSERT INTO public.stop (id, dir, lat, lng, street) VALUES (173, 'FORWARD', 49.844815224729, 24.02779519558, 'вул. Театральна');
INSERT INTO public.stop (id, dir, lat, lng, street) VALUES (174, 'FORWARD', 49.84550094604492, 24.02606964111328, 'пл. Різні');
INSERT INTO public.stop (id, dir, lat, lng, street) VALUES (175, 'BACKWARD', 49.84550094604492, 24.02606964111328, 'пл. Різні');
INSERT INTO public.stop (id, dir, lat, lng, street) VALUES (176, 'BACKWARD', 49.84406280517578, 24.025632858276367, 'Театр опери та балету');
INSERT INTO public.stop (id, dir, lat, lng, street) VALUES (177, 'BACKWARD', 49.84012222290039, 24.028125762939453, 'пр. Свободи');
INSERT INTO public.stop (id, dir, lat, lng, street) VALUES (178, 'BACKWARD', 49.83766174316406, 24.032958984375, 'вул. Князя Романа');
INSERT INTO public.stop (id, dir, lat, lng, street) VALUES (179, 'BACKWARD', 49.834092836029, 24.035320962589, 'вул. Шота Руставелі');
INSERT INTO public.stop (id, dir, lat, lng, street) VALUES (180, 'BACKWARD', 49.82982635498047, 24.032480239868164, 'Стрийський ринок');
INSERT INTO public.stop (id, dir, lat, lng, street) VALUES (181, 'BACKWARD', 49.824141079585, 24.020608663559, 'Парк Культури');
INSERT INTO public.stop (id, dir, lat, lng, street) VALUES (182, 'BACKWARD', 49.820557008064, 24.020172894001, 'Дитяча залізниця');
INSERT INTO public.stop (id, dir, lat, lng, street) VALUES (183, 'BACKWARD', 49.814954934321, 24.019663274288, 'Податкова');
INSERT INTO public.stop (id, dir, lat, lng, street) VALUES (184, 'BACKWARD', 49.807843816626, 24.0189889257, 'Автобусний завод');
INSERT INTO public.stop (id, dir, lat, lng, street) VALUES (185, 'BACKWARD', 49.801410856771, 24.017573773861, 'вул. Стрийська - вул. Наукова');
INSERT INTO public.stop (id, dir, lat, lng, street) VALUES (186, 'BACKWARD', 49.79779815673828, 24.01679801940918, 'вул. Скорини');
INSERT INTO public.stop (id, dir, lat, lng, street) VALUES (187, 'BACKWARD', 49.79421615600586, 24.016006469726562, 'вул. Ярослава Гашека');
INSERT INTO public.stop (id, dir, lat, lng, street) VALUES (188, 'BACKWARD', 49.791455721513, 24.015457451343, 'вул. Михайла Максимовича');
INSERT INTO public.stop (id, dir, lat, lng, street) VALUES (189, 'BACKWARD', 49.787580666459, 24.014610084721, 'Автовокзал');
INSERT INTO public.stop (id, dir, lat, lng, street) VALUES (190, 'BACKWARD', 49.78329086303711, 24.013832092285156, 'вул. Сокільницька');
INSERT INTO public.stop (id, dir, lat, lng, street) VALUES (191, 'BACKWARD', 49.774206005894, 24.011692047119, 'ТРЦ "King Cross Leopolis"');
INSERT INTO public.stop (id, dir, lat, lng, street) VALUES (192, 'BACKWARD', 49.774044036865234, 24.012466430664062, 'ТРЦ "King Cross Leopolis"');
INSERT INTO public.stop (id, dir, lat, lng, street) VALUES (193, 'FORWARD', 49.83920669555664, 23.994436264038086, 'Залізничний вокзал');
INSERT INTO public.stop (id, dir, lat, lng, street) VALUES (194, 'FORWARD', 49.837576118462, 23.999875186564, 'Приміський вокзал');
INSERT INTO public.stop (id, dir, lat, lng, street) VALUES (195, 'FORWARD', 49.837345123291016, 24.0047550201416, 'Церква святих Ольги та Єлизавети');
INSERT INTO public.stop (id, dir, lat, lng, street) VALUES (196, 'FORWARD', 49.84020188544, 24.012513697147, 'Цирк');
INSERT INTO public.stop (id, dir, lat, lng, street) VALUES (197, 'FORWARD', 49.84185791015625, 24.016496658325195, 'Театр ім. Лесі Українки');
INSERT INTO public.stop (id, dir, lat, lng, street) VALUES (198, 'FORWARD', 49.843182234696, 24.022824168205, 'вул. Северина Наливайка');
INSERT INTO public.stop (id, dir, lat, lng, street) VALUES (199, 'FORWARD', 49.84406280517578, 24.025632858276367, 'Театр опери та балету');
INSERT INTO public.stop (id, dir, lat, lng, street) VALUES (200, 'FORWARD', 49.839714050293, 24.0261344909668, 'вул. Петра Дорошенка');
INSERT INTO public.stop (id, dir, lat, lng, street) VALUES (201, 'FORWARD', 49.831645965576, 24.016664505005, 'вул. Академіка Сахарова');
INSERT INTO public.stop (id, dir, lat, lng, street) VALUES (202, 'FORWARD', 49.821573739885, 24.016504883766, 'Кредобанк');
INSERT INTO public.stop (id, dir, lat, lng, street) VALUES (203, 'FORWARD', 49.814954934321, 24.019663274288, 'Податкова');
INSERT INTO public.stop (id, dir, lat, lng, street) VALUES (204, 'FORWARD', 49.807843816626, 24.0189889257, 'Автобусний завод');
INSERT INTO public.stop (id, dir, lat, lng, street) VALUES (205, 'FORWARD', 49.801410856771, 24.017573773861, 'вул. Стрийська - вул. Наукова');
INSERT INTO public.stop (id, dir, lat, lng, street) VALUES (206, 'FORWARD', 49.79779815673828, 24.01679801940918, 'вул. Скорини');
INSERT INTO public.stop (id, dir, lat, lng, street) VALUES (207, 'FORWARD', 49.79421615600586, 24.016006469726562, 'вул. Ярослава Гашека');
INSERT INTO public.stop (id, dir, lat, lng, street) VALUES (208, 'FORWARD', 49.791455721513, 24.015457451343, 'вул. Михайла Максимовича');
INSERT INTO public.stop (id, dir, lat, lng, street) VALUES (209, 'FORWARD', 49.787580666459, 24.014610084721, 'Автовокзал');
INSERT INTO public.stop (id, dir, lat, lng, street) VALUES (210, 'FORWARD', 49.78329086303711, 24.013832092285156, 'вул. Сокільницька');
INSERT INTO public.stop (id, dir, lat, lng, street) VALUES (211, 'FORWARD', 49.776774707721, 24.013860225677, 'на вимогу');
INSERT INTO public.stop (id, dir, lat, lng, street) VALUES (212, 'FORWARD', 49.774206005894, 24.011692047119, 'ТРЦ "King Cross Leopolis"');
INSERT INTO public.stop (id, dir, lat, lng, street) VALUES (213, 'BACKWARD', 49.774044036865234, 24.012466430664062, 'ТРЦ "King Cross Leopolis"');
INSERT INTO public.stop (id, dir, lat, lng, street) VALUES (214, 'BACKWARD', 49.77792739868164, 24.01430320739746, 'Іподром');
INSERT INTO public.stop (id, dir, lat, lng, street) VALUES (215, 'BACKWARD', 49.78413772583008, 24.014429092407227, 'вул. Сокільницька');
INSERT INTO public.stop (id, dir, lat, lng, street) VALUES (216, 'BACKWARD', 49.7873229980469, 24.017053604126, 'Автовокзал');
INSERT INTO public.stop (id, dir, lat, lng, street) VALUES (217, 'BACKWARD', 49.79249954223633, 24.016159057617188, 'вул. Михайла Максимовича');
INSERT INTO public.stop (id, dir, lat, lng, street) VALUES (218, 'BACKWARD', 49.794638773451, 24.016646802425, 'вул. Ярослава Гашека');
INSERT INTO public.stop (id, dir, lat, lng, street) VALUES (219, 'BACKWARD', 49.797994731844, 24.017358660698, 'вул. Скорини');
INSERT INTO public.stop (id, dir, lat, lng, street) VALUES (220, 'BACKWARD', 49.802592204798, 24.018370687962, 'вул. Стрийська - вул. Хуторівка');
INSERT INTO public.stop (id, dir, lat, lng, street) VALUES (221, 'BACKWARD', 49.80847642065, 24.019370913506, 'Автобусний завод');
INSERT INTO public.stop (id, dir, lat, lng, street) VALUES (222, 'BACKWARD', 49.815135495584, 24.020076572895, 'Податкова');
INSERT INTO public.stop (id, dir, lat, lng, street) VALUES (223, 'BACKWARD', 49.820350274406, 24.019071757793, 'Дитяча залізниця');
INSERT INTO public.stop (id, dir, lat, lng, street) VALUES (224, 'BACKWARD', 49.831792496366, 24.017192199826, 'вул. Академіка Сахарова');
INSERT INTO public.stop (id, dir, lat, lng, street) VALUES (225, 'BACKWARD', 49.834333969101, 24.020048081875, 'на вимогу');
INSERT INTO public.stop (id, dir, lat, lng, street) VALUES (226, 'BACKWARD', 49.8368034362793, 24.022001266479492, 'Головна Пошта');
INSERT INTO public.stop (id, dir, lat, lng, street) VALUES (227, 'BACKWARD', 49.84012222290039, 24.028125762939453, 'пр. Свободи');
INSERT INTO public.stop (id, dir, lat, lng, street) VALUES (228, 'BACKWARD', 49.84550094604492, 24.02606964111328, 'пл. Різні');
INSERT INTO public.stop (id, dir, lat, lng, street) VALUES (229, 'BACKWARD', 49.844024595114, 24.024272561073, 'ТЦ "Магнус"');
INSERT INTO public.stop (id, dir, lat, lng, street) VALUES (230, 'BACKWARD', 49.842787859682, 24.018092751503, 'Церква Анни');
INSERT INTO public.stop (id, dir, lat, lng, street) VALUES (231, 'BACKWARD', 49.84245921138, 24.015432000161, 'Театр ім. Лесі Українки');
INSERT INTO public.stop (id, dir, lat, lng, street) VALUES (232, 'BACKWARD', 49.84025192260742, 24.01207733154297, 'Цирк');
INSERT INTO public.stop (id, dir, lat, lng, street) VALUES (233, 'BACKWARD', 49.837730407714844, 24.005586624145508, 'пл. Кропивницького');
INSERT INTO public.stop (id, dir, lat, lng, street) VALUES (234, 'BACKWARD', 49.837701776976, 24.000205770135, 'Приміський вокзал');
INSERT INTO public.stop (id, dir, lat, lng, street) VALUES (235, 'BACKWARD', 49.83920669555664, 23.994436264038086, 'Залізничний вокзал');
INSERT INTO public.stop (id, dir, lat, lng, street) VALUES (236, 'FORWARD', 49.784744262695, 24.059945106506, 'пр. Червоної Калини (4А)');
INSERT INTO public.stop (id, dir, lat, lng, street) VALUES (237, 'FORWARD', 49.787470177807, 24.059378253246, 'вул. Коломийська');
INSERT INTO public.stop (id, dir, lat, lng, street) VALUES (238, 'FORWARD', 49.790657290895, 24.059241294861, 'Поліклініка №4');
INSERT INTO public.stop (id, dir, lat, lng, street) VALUES (239, 'FORWARD', 49.794699160083, 24.057675182819, 'Кінотеатр ім. Довженка');
INSERT INTO public.stop (id, dir, lat, lng, street) VALUES (240, 'FORWARD', 49.79646682739258, 24.053842544555664, 'Дитяча поліклініка №4');
INSERT INTO public.stop (id, dir, lat, lng, street) VALUES (241, 'FORWARD', 49.798978981602, 24.049037754536, 'ТРЦ "Шувар"');
INSERT INTO public.stop (id, dir, lat, lng, street) VALUES (242, 'FORWARD', 49.81110973644, 24.046376645565, 'вул. Угорська');
INSERT INTO public.stop (id, dir, lat, lng, street) VALUES (243, 'FORWARD', 49.818219567148, 24.043986797333, 'стадіон "Україна"');
INSERT INTO public.stop (id, dir, lat, lng, street) VALUES (244, 'FORWARD', 49.82546003477, 24.037198564639, 'Академія Мистецтв');
INSERT INTO public.stop (id, dir, lat, lng, street) VALUES (245, 'FORWARD', 49.829477260093, 24.032747018309, 'Стрийський ринок');
INSERT INTO public.stop (id, dir, lat, lng, street) VALUES (246, 'FORWARD', 49.833832468585, 24.035482979927, 'пл. Петрушевича');
INSERT INTO public.stop (id, dir, lat, lng, street) VALUES (247, 'FORWARD', 49.83738723816, 24.035067915916, 'вул. Володимира Шухевича');
INSERT INTO public.stop (id, dir, lat, lng, street) VALUES (248, 'FORWARD', 49.8424339294434, 24.0351810455322, 'вул. Підвальна');
INSERT INTO public.stop (id, dir, lat, lng, street) VALUES (249, 'FORWARD', 49.844815224729, 24.02779519558, 'вул. Театральна');
INSERT INTO public.stop (id, dir, lat, lng, street) VALUES (250, 'FORWARD', 49.84550094604492, 24.02606964111328, 'пл. Різні');
INSERT INTO public.stop (id, dir, lat, lng, street) VALUES (251, 'BACKWARD', 49.84550094604492, 24.02606964111328, 'пл. Різні');
INSERT INTO public.stop (id, dir, lat, lng, street) VALUES (252, 'BACKWARD', 49.84406280517578, 24.025632858276367, 'Театр опери та балету');
INSERT INTO public.stop (id, dir, lat, lng, street) VALUES (253, 'BACKWARD', 49.84012222290039, 24.028125762939453, 'пр. Свободи');
INSERT INTO public.stop (id, dir, lat, lng, street) VALUES (254, 'BACKWARD', 49.83766174316406, 24.032958984375, 'вул. Князя Романа');
INSERT INTO public.stop (id, dir, lat, lng, street) VALUES (255, 'BACKWARD', 49.834092836029, 24.035320962589, 'вул. Шота Руставелі');
INSERT INTO public.stop (id, dir, lat, lng, street) VALUES (256, 'BACKWARD', 49.829244760565, 24.032878053819, 'Стрийський ринок');
INSERT INTO public.stop (id, dir, lat, lng, street) VALUES (257, 'BACKWARD', 49.826820373535156, 24.034074783325195, 'Стрийський парк');
INSERT INTO public.stop (id, dir, lat, lng, street) VALUES (258, 'BACKWARD', 49.82484817504883, 24.036697387695312, 'Академія Мистецтв');
INSERT INTO public.stop (id, dir, lat, lng, street) VALUES (259, 'BACKWARD', 49.818101020842, 24.043752104044, 'стадіон "Україна"');
INSERT INTO public.stop (id, dir, lat, lng, street) VALUES (260, 'BACKWARD', 49.813777923583984, 24.042617797851562, 'вул. Литвиненка');
INSERT INTO public.stop (id, dir, lat, lng, street) VALUES (261, 'BACKWARD', 49.81289291381836, 24.03812026977539, 'Церква Кирила і Мефодія');
INSERT INTO public.stop (id, dir, lat, lng, street) VALUES (262, 'BACKWARD', 49.810373415175, 24.045494735241, 'вул. Угорська');
INSERT INTO public.stop (id, dir, lat, lng, street) VALUES (263, 'BACKWARD', 49.799083626353, 24.047815345798, 'ТРЦ "Шувар"');
INSERT INTO public.stop (id, dir, lat, lng, street) VALUES (264, 'BACKWARD', 49.79715824135, 24.051456375597, 'Дитяча поліклініка №4');
INSERT INTO public.stop (id, dir, lat, lng, street) VALUES (265, 'BACKWARD', 49.791979794818, 24.058257102966, 'ТЦ "ВАМ"');
INSERT INTO public.stop (id, dir, lat, lng, street) VALUES (266, 'BACKWARD', 49.78874969482422, 24.058643341064453, 'Поліклініка №4');
INSERT INTO public.stop (id, dir, lat, lng, street) VALUES (267, 'BACKWARD', 49.785503036295, 24.058821439743, 'пр. Червоної Калини');
INSERT INTO public.stop (id, dir, lat, lng, street) VALUES (268, 'BACKWARD', 49.784744262695, 24.059945106506, 'пр. Червоної Калини (4А)');
INSERT INTO public.stop (id, dir, lat, lng, street) VALUES (269, 'FORWARD', 49.83920669555664, 23.994436264038086, 'Залізничний вокзал');
INSERT INTO public.stop (id, dir, lat, lng, street) VALUES (270, 'FORWARD', 49.837576118462, 23.999875186564, 'Приміський вокзал');
INSERT INTO public.stop (id, dir, lat, lng, street) VALUES (271, 'FORWARD', 49.837345123291016, 24.0047550201416, 'Церква святих Ольги та Єлизавети');
INSERT INTO public.stop (id, dir, lat, lng, street) VALUES (272, 'FORWARD', 49.84020188544, 24.012513697147, 'Цирк');
INSERT INTO public.stop (id, dir, lat, lng, street) VALUES (273, 'FORWARD', 49.84185791015625, 24.016496658325195, 'Театр ім. Лесі Українки');
INSERT INTO public.stop (id, dir, lat, lng, street) VALUES (274, 'FORWARD', 49.843182234696, 24.022824168205, 'вул. Северина Наливайка');
INSERT INTO public.stop (id, dir, lat, lng, street) VALUES (275, 'FORWARD', 49.84406280517578, 24.025632858276367, 'Театр опери та балету');
INSERT INTO public.stop (id, dir, lat, lng, street) VALUES (276, 'FORWARD', 49.84012222290039, 24.028125762939453, 'пр. Свободи');
INSERT INTO public.stop (id, dir, lat, lng, street) VALUES (277, 'FORWARD', 49.83925247192383, 24.032533645629883, 'пл. Галицька');
INSERT INTO public.stop (id, dir, lat, lng, street) VALUES (278, 'FORWARD', 49.836894078699, 24.034828625181, 'вул. Володимира Шухевича');
INSERT INTO public.stop (id, dir, lat, lng, street) VALUES (279, 'FORWARD', 49.834092836029, 24.035320962589, 'вул. Шота Руставелі');
INSERT INTO public.stop (id, dir, lat, lng, street) VALUES (280, 'FORWARD', 49.829244760565, 24.032878053819, 'Стрийський ринок');
INSERT INTO public.stop (id, dir, lat, lng, street) VALUES (281, 'FORWARD', 49.825989341217, 24.033354520798, 'Стрийський парк');
INSERT INTO public.stop (id, dir, lat, lng, street) VALUES (282, 'FORWARD', 49.82225799560547, 24.032255172729492, 'Музей Івана Франка');
INSERT INTO public.stop (id, dir, lat, lng, street) VALUES (283, 'FORWARD', 49.82045364379883, 24.02735137939453, 'РАЦС');
INSERT INTO public.stop (id, dir, lat, lng, street) VALUES (284, 'FORWARD', 49.81669998168945, 24.026630401611328, 'вул. Козельницька');
INSERT INTO public.stop (id, dir, lat, lng, street) VALUES (285, 'FORWARD', 49.815606289247, 24.0300822258, 'вул. Енергетична');
INSERT INTO public.stop (id, dir, lat, lng, street) VALUES (286, 'FORWARD', 49.81377029418945, 24.035749435424805, 'вул. Кибальчича');
INSERT INTO public.stop (id, dir, lat, lng, street) VALUES (287, 'FORWARD', 49.81289291381836, 24.03812026977539, 'Церква Кирила і Мефодія');
INSERT INTO public.stop (id, dir, lat, lng, street) VALUES (288, 'FORWARD', 49.810373415175, 24.045494735241, 'вул. Угорська');
INSERT INTO public.stop (id, dir, lat, lng, street) VALUES (289, 'FORWARD', 49.799083626353, 24.047815345798, 'ТРЦ "Шувар"');
INSERT INTO public.stop (id, dir, lat, lng, street) VALUES (290, 'FORWARD', 49.79715824135, 24.051456375597, 'Дитяча поліклініка №4');
INSERT INTO public.stop (id, dir, lat, lng, street) VALUES (291, 'FORWARD', 49.791979794818, 24.058257102966, 'ТЦ "ВАМ"');
INSERT INTO public.stop (id, dir, lat, lng, street) VALUES (292, 'FORWARD', 49.78874969482422, 24.058643341064453, 'Поліклініка №4');
INSERT INTO public.stop (id, dir, lat, lng, street) VALUES (293, 'FORWARD', 49.785503036295, 24.058821439743, 'пр. Червоної Калини');
INSERT INTO public.stop (id, dir, lat, lng, street) VALUES (294, 'BACKWARD', 49.785141621898, 24.059496283531, 'пр. Червоної Калини');
INSERT INTO public.stop (id, dir, lat, lng, street) VALUES (295, 'BACKWARD', 49.787470177807, 24.059378253246, 'вул. Коломийська');
INSERT INTO public.stop (id, dir, lat, lng, street) VALUES (296, 'BACKWARD', 49.790657290895, 24.059241294861, 'Поліклініка №4');
INSERT INTO public.stop (id, dir, lat, lng, street) VALUES (297, 'BACKWARD', 49.794699160083, 24.057675182819, 'Кінотеатр ім. Довженка');
INSERT INTO public.stop (id, dir, lat, lng, street) VALUES (298, 'BACKWARD', 49.79646682739258, 24.053842544555664, 'Дитяча поліклініка №4');
INSERT INTO public.stop (id, dir, lat, lng, street) VALUES (299, 'BACKWARD', 49.798978981602, 24.049037754536, 'ТРЦ "Шувар"');
INSERT INTO public.stop (id, dir, lat, lng, street) VALUES (300, 'BACKWARD', 49.810516357421875, 24.04549217224121, 'вул. Угорська');
INSERT INTO public.stop (id, dir, lat, lng, street) VALUES (301, 'BACKWARD', 49.812259488014, 24.042279376275, 'вул. Карбишева');
INSERT INTO public.stop (id, dir, lat, lng, street) VALUES (302, 'BACKWARD', 49.813777923583984, 24.042617797851562, 'вул. Литвиненка');
INSERT INTO public.stop (id, dir, lat, lng, street) VALUES (303, 'BACKWARD', 49.81401824951172, 24.03561019897461, 'вул. Кибальчича');
INSERT INTO public.stop (id, dir, lat, lng, street) VALUES (304, 'BACKWARD', 49.815640903122, 24.030554294586, 'вул. Енергетична');
INSERT INTO public.stop (id, dir, lat, lng, street) VALUES (305, 'BACKWARD', 49.818109652243, 24.025230050087, 'вул. Козельницька');
INSERT INTO public.stop (id, dir, lat, lng, street) VALUES (306, 'BACKWARD', 49.82038879394531, 24.027496337890625, 'РАЦС');
INSERT INTO public.stop (id, dir, lat, lng, street) VALUES (307, 'BACKWARD', 49.822147871686, 24.032501578331, 'Музей Івана Франка');
INSERT INTO public.stop (id, dir, lat, lng, street) VALUES (308, 'BACKWARD', 49.826766249996, 24.033751487732, 'Стрийський парк');
INSERT INTO public.stop (id, dir, lat, lng, street) VALUES (309, 'BACKWARD', 49.829477260093, 24.032747018309, 'Стрийський ринок');
INSERT INTO public.stop (id, dir, lat, lng, street) VALUES (310, 'BACKWARD', 49.833832468585, 24.035482979927, 'пл. Петрушевича');
INSERT INTO public.stop (id, dir, lat, lng, street) VALUES (311, 'BACKWARD', 49.83738723816, 24.035067915916, 'вул. Володимира Шухевича');
INSERT INTO public.stop (id, dir, lat, lng, street) VALUES (312, 'BACKWARD', 49.8424339294434, 24.0351810455322, 'вул. Підвальна');
INSERT INTO public.stop (id, dir, lat, lng, street) VALUES (313, 'BACKWARD', 49.844815224729, 24.02779519558, 'вул. Театральна');
INSERT INTO public.stop (id, dir, lat, lng, street) VALUES (314, 'BACKWARD', 49.844024595114, 24.024272561073, 'ТЦ "Магнус"');
INSERT INTO public.stop (id, dir, lat, lng, street) VALUES (315, 'BACKWARD', 49.842787859682, 24.018092751503, 'Церква Анни');
INSERT INTO public.stop (id, dir, lat, lng, street) VALUES (316, 'BACKWARD', 49.84245921138, 24.015432000161, 'Театр ім. Лесі Українки');
INSERT INTO public.stop (id, dir, lat, lng, street) VALUES (317, 'BACKWARD', 49.84025192260742, 24.01207733154297, 'Цирк');
INSERT INTO public.stop (id, dir, lat, lng, street) VALUES (318, 'BACKWARD', 49.837730407714844, 24.005586624145508, 'пл. Кропивницького');
INSERT INTO public.stop (id, dir, lat, lng, street) VALUES (319, 'BACKWARD', 49.837701776976, 24.000205770135, 'Приміський вокзал');
INSERT INTO public.stop (id, dir, lat, lng, street) VALUES (320, 'BACKWARD', 49.83920669555664, 23.994436264038086, 'Залізничний вокзал');
INSERT INTO public.stop (id, dir, lat, lng, street) VALUES (321, 'FORWARD', 49.817178050266, 24.137537837029, 'вул. Галицька');
INSERT INTO public.stop (id, dir, lat, lng, street) VALUES (322, 'FORWARD', 49.819559033692, 24.137284755707, 'вул. Винниченка');
INSERT INTO public.stop (id, dir, lat, lng, street) VALUES (323, 'FORWARD', 49.82361181902, 24.136928021908, 'вул. Винна Гора');
INSERT INTO public.stop (id, dir, lat, lng, street) VALUES (324, 'FORWARD', 49.826383853247, 24.135782718658, 'Обласний госпіталь та реабілітарій');
INSERT INTO public.stop (id, dir, lat, lng, street) VALUES (325, 'FORWARD', 49.832498378295, 24.130753576755, 'на вимогу');
INSERT INTO public.stop (id, dir, lat, lng, street) VALUES (326, 'FORWARD', 49.834595202091, 24.126445949077, 'с. Лисиничі');
INSERT INTO public.stop (id, dir, lat, lng, street) VALUES (327, 'FORWARD', 49.835487365722656, 24.121623992919922, 'вул. Руська');
INSERT INTO public.stop (id, dir, lat, lng, street) VALUES (328, 'FORWARD', 49.838171011158, 24.120333194733, 'вул. Львівська');
INSERT INTO public.stop (id, dir, lat, lng, street) VALUES (329, 'FORWARD', 49.83986282348633, 24.119274139404297, 'на вимогу');
INSERT INTO public.stop (id, dir, lat, lng, street) VALUES (330, 'FORWARD', 49.84238052368164, 24.1038875579834, 'Товариство "Провесінь-агроінвест"');
INSERT INTO public.stop (id, dir, lat, lng, street) VALUES (331, 'FORWARD', 49.842018127441406, 24.1009521484375, 'вул. Глинянський Тракт');
INSERT INTO public.stop (id, dir, lat, lng, street) VALUES (332, 'FORWARD', 49.841382046482, 24.096471965313, 'Кладовище');
INSERT INTO public.stop (id, dir, lat, lng, street) VALUES (333, 'FORWARD', 49.840480489174, 24.085699924825, 'вул. Богданівська');
INSERT INTO public.stop (id, dir, lat, lng, street) VALUES (334, 'FORWARD', 49.849192874025, 24.083142995834, 'вул. Старознесенська');
INSERT INTO public.stop (id, dir, lat, lng, street) VALUES (335, 'FORWARD', 49.852847035563, 24.077533781528, 'вул. Гайдучка');
INSERT INTO public.stop (id, dir, lat, lng, street) VALUES (336, 'FORWARD', 49.854840879777, 24.076231509714, 'Авторинок');
INSERT INTO public.stop (id, dir, lat, lng, street) VALUES (337, 'FORWARD', 49.8597526550293, 24.06016731262207, 'вул. Ковельська');
INSERT INTO public.stop (id, dir, lat, lng, street) VALUES (338, 'FORWARD', 49.862490785761, 24.060664653778, 'вул. Кукурудзяна');
INSERT INTO public.stop (id, dir, lat, lng, street) VALUES (339, 'FORWARD', 49.864134754, 24.05244988203, 'Автостанція №2');
INSERT INTO public.stop (id, dir, lat, lng, street) VALUES (340, 'FORWARD', 49.8619270324707, 24.050493240356445, 'Торговельний центр');
INSERT INTO public.stop (id, dir, lat, lng, street) VALUES (341, 'FORWARD', 49.858119863796, 24.047256369041, 'вул. Височана');
INSERT INTO public.stop (id, dir, lat, lng, street) VALUES (342, 'FORWARD', 49.8555793762207, 24.04511833190918, 'вул. Новознесенська');
INSERT INTO public.stop (id, dir, lat, lng, street) VALUES (343, 'FORWARD', 49.853477224714, 24.038421213627, 'вул. Якова Остряниці');
INSERT INTO public.stop (id, dir, lat, lng, street) VALUES (344, 'FORWARD', 49.852368945235, 24.033232565885, 'станція Підзамче');
INSERT INTO public.stop (id, dir, lat, lng, street) VALUES (345, 'FORWARD', 49.85199737548828, 24.029428482055664, 'вул. Гайдамацька');
INSERT INTO public.stop (id, dir, lat, lng, street) VALUES (346, 'FORWARD', 49.852294921875, 24.02747344970703, 'БК ім. Гната Хоткевича');
INSERT INTO public.stop (id, dir, lat, lng, street) VALUES (347, 'FORWARD', 49.846814944267, 24.028685357262, 'пл. Старий Ринок');
INSERT INTO public.stop (id, dir, lat, lng, street) VALUES (348, 'FORWARD', 49.844815224729, 24.02779519558, 'вул. Театральна');
INSERT INTO public.stop (id, dir, lat, lng, street) VALUES (349, 'FORWARD', 49.84550094604492, 24.02606964111328, 'пл. Різні');
INSERT INTO public.stop (id, dir, lat, lng, street) VALUES (350, 'BACKWARD', 49.84550094604492, 24.02606964111328, 'пл. Різні');
INSERT INTO public.stop (id, dir, lat, lng, street) VALUES (351, 'BACKWARD', 49.846617393635, 24.025656580925, 'пр. В''ячеслава Чорновола');
INSERT INTO public.stop (id, dir, lat, lng, street) VALUES (352, 'BACKWARD', 49.850394828265, 24.025707597016, 'вул. Під Дубом');
INSERT INTO public.stop (id, dir, lat, lng, street) VALUES (353, 'BACKWARD', 49.85199737548828, 24.027441024780273, 'БК ім. Гната Хоткевича');
INSERT INTO public.stop (id, dir, lat, lng, street) VALUES (354, 'BACKWARD', 49.851871490478516, 24.03204917907715, 'станція Підзамче');
INSERT INTO public.stop (id, dir, lat, lng, street) VALUES (355, 'BACKWARD', 49.853023529052734, 24.035789489746094, 'вул. Якова Остряниці');
INSERT INTO public.stop (id, dir, lat, lng, street) VALUES (356, 'BACKWARD', 49.853640441921, 24.041631758213, 'вул. Промислова');
INSERT INTO public.stop (id, dir, lat, lng, street) VALUES (357, 'BACKWARD', 49.85568618774414, 24.045473098754883, 'вул. Новознесенська');
INSERT INTO public.stop (id, dir, lat, lng, street) VALUES (358, 'BACKWARD', 49.858123779296875, 24.047500610351562, 'вул. Височана');
INSERT INTO public.stop (id, dir, lat, lng, street) VALUES (359, 'BACKWARD', 49.86228561401367, 24.051027297973633, 'Торговельний центр');
INSERT INTO public.stop (id, dir, lat, lng, street) VALUES (360, 'BACKWARD', 49.86235809326172, 24.060745239257812, 'вул. Кукурудзяна');
INSERT INTO public.stop (id, dir, lat, lng, street) VALUES (361, 'BACKWARD', 49.859335966403, 24.060338497162, 'вул. Ковельська');
INSERT INTO public.stop (id, dir, lat, lng, street) VALUES (362, 'BACKWARD', 49.854793888432, 24.076021125497, 'Авторинок');
INSERT INTO public.stop (id, dir, lat, lng, street) VALUES (363, 'BACKWARD', 49.853355407714844, 24.077289581298828, 'вул. Гайдучка');
INSERT INTO public.stop (id, dir, lat, lng, street) VALUES (364, 'BACKWARD', 49.848995208740234, 24.083223342895508, 'вул. Старознесенська');
INSERT INTO public.stop (id, dir, lat, lng, street) VALUES (365, 'BACKWARD', 49.8401985168457, 24.085983276367188, 'вул. Богданівська');
INSERT INTO public.stop (id, dir, lat, lng, street) VALUES (366, 'BACKWARD', 49.84125900268555, 24.096269607543945, 'Кладовище');
INSERT INTO public.stop (id, dir, lat, lng, street) VALUES (367, 'BACKWARD', 49.8419075012207, 24.101015090942383, 'вул. Глинянський Тракт');
INSERT INTO public.stop (id, dir, lat, lng, street) VALUES (368, 'BACKWARD', 49.84225082397461, 24.103923797607422, 'Товариство "Провесінь-агроінвест"');
INSERT INTO public.stop (id, dir, lat, lng, street) VALUES (369, 'BACKWARD', 49.839884910797, 24.119081139565, 'на вимогу');
INSERT INTO public.stop (id, dir, lat, lng, street) VALUES (370, 'BACKWARD', 49.837864820153, 24.120360016823, 'вул. Львівська');
INSERT INTO public.stop (id, dir, lat, lng, street) VALUES (371, 'BACKWARD', 49.835391998291016, 24.1215763092041, 'вул. Руська');
INSERT INTO public.stop (id, dir, lat, lng, street) VALUES (372, 'BACKWARD', 49.834351269343, 24.126684665679, 'с. Лисиничі');
INSERT INTO public.stop (id, dir, lat, lng, street) VALUES (373, 'BACKWARD', 49.832271735956, 24.131016433239, 'на вимогу');
INSERT INTO public.stop (id, dir, lat, lng, street) VALUES (374, 'BACKWARD', 49.826586298961, 24.135471582413, 'Обласний госпіталь та реабілітарій');
INSERT INTO public.stop (id, dir, lat, lng, street) VALUES (375, 'BACKWARD', 49.823099615535, 24.136903882027, 'вул. Лісна');
INSERT INTO public.stop (id, dir, lat, lng, street) VALUES (376, 'BACKWARD', 49.819264838792, 24.137097001076, 'вул. Винниченка');
INSERT INTO public.stop (id, dir, lat, lng, street) VALUES (377, 'BACKWARD', 49.817091164867, 24.13736128807, 'вул. Галицька');
INSERT INTO public.stop (id, dir, lat, lng, street) VALUES (378, 'BACKWARD', 49.817178050266, 24.137537837029, 'вул. Галицька');
INSERT INTO public.stop (id, dir, lat, lng, street) VALUES (379, 'FORWARD', 49.83920669555664, 23.994436264038086, 'Залізничний вокзал');
INSERT INTO public.stop (id, dir, lat, lng, street) VALUES (380, 'FORWARD', 49.837576118462, 23.999875186564, 'Приміський вокзал');
INSERT INTO public.stop (id, dir, lat, lng, street) VALUES (381, 'FORWARD', 49.837345123291016, 24.0047550201416, 'Церква святих Ольги та Єлизавети');
INSERT INTO public.stop (id, dir, lat, lng, street) VALUES (382, 'FORWARD', 49.84020188544, 24.012513697147, 'Цирк');
INSERT INTO public.stop (id, dir, lat, lng, street) VALUES (383, 'FORWARD', 49.84185791015625, 24.016496658325195, 'Театр ім. Лесі Українки');
INSERT INTO public.stop (id, dir, lat, lng, street) VALUES (384, 'FORWARD', 49.843182234696, 24.022824168205, 'вул. Северина Наливайка');
INSERT INTO public.stop (id, dir, lat, lng, street) VALUES (385, 'FORWARD', 49.84406280517578, 24.025632858276367, 'Театр опери та балету');
INSERT INTO public.stop (id, dir, lat, lng, street) VALUES (386, 'FORWARD', 49.84012222290039, 24.028125762939453, 'пр. Свободи');
INSERT INTO public.stop (id, dir, lat, lng, street) VALUES (387, 'FORWARD', 49.83925247192383, 24.032533645629883, 'пл. Галицька');
INSERT INTO public.stop (id, dir, lat, lng, street) VALUES (388, 'FORWARD', 49.839717505589, 24.037066698074, 'пл. Митна');
INSERT INTO public.stop (id, dir, lat, lng, street) VALUES (389, 'FORWARD', 49.84004592895508, 24.042749404907227, 'вул. Чехова');
INSERT INTO public.stop (id, dir, lat, lng, street) VALUES (390, 'FORWARD', 49.839969635009766, 24.04904556274414, 'Медичний університет');
INSERT INTO public.stop (id, dir, lat, lng, street) VALUES (391, 'FORWARD', 49.838680267333984, 24.053979873657227, 'Шевченківський Гай');
INSERT INTO public.stop (id, dir, lat, lng, street) VALUES (392, 'FORWARD', 49.834074464734, 24.052180945873, 'Личаківський цвинтар');
INSERT INTO public.stop (id, dir, lat, lng, street) VALUES (393, 'FORWARD', 49.83278274536133, 24.050344467163086, 'Обласна інфекційна лікарня (на вимогу)');
INSERT INTO public.stop (id, dir, lat, lng, street) VALUES (394, 'FORWARD', 49.82629152268, 24.04350046988, 'вул. Водогінна');
INSERT INTO public.stop (id, dir, lat, lng, street) VALUES (395, 'FORWARD', 49.823476128145, 24.052248591554, 'стадіон "Україна"');
INSERT INTO public.stop (id, dir, lat, lng, street) VALUES (396, 'FORWARD', 49.820658191716, 24.055883557214, 'вул. Липова алея');
INSERT INTO public.stop (id, dir, lat, lng, street) VALUES (397, 'FORWARD', 49.817752838134766, 24.05940055847168, 'вул. Дністерська');
INSERT INTO public.stop (id, dir, lat, lng, street) VALUES (398, 'FORWARD', 49.815867000328, 24.063000023365, 'вул. Джорджа Вашингтона');
INSERT INTO public.stop (id, dir, lat, lng, street) VALUES (399, 'FORWARD', 49.815708441951, 24.070387721062, 'Перинатальний центр');
INSERT INTO public.stop (id, dir, lat, lng, street) VALUES (400, 'FORWARD', 49.814430236816406, 24.075332641601562, 'ТЦ "Метро-2"');

INSERT INTO public.transit_stop (transit_id, stop_id, stop_index) VALUES (21, 1, 0);
INSERT INTO public.transit_stop (transit_id, stop_id, stop_index) VALUES (21, 2, 1);
INSERT INTO public.transit_stop (transit_id, stop_id, stop_index) VALUES (21, 3, 2);
INSERT INTO public.transit_stop (transit_id, stop_id, stop_index) VALUES (21, 4, 3);
INSERT INTO public.transit_stop (transit_id, stop_id, stop_index) VALUES (21, 5, 4);
INSERT INTO public.transit_stop (transit_id, stop_id, stop_index) VALUES (21, 6, 5);
INSERT INTO public.transit_stop (transit_id, stop_id, stop_index) VALUES (21, 7, 6);
INSERT INTO public.transit_stop (transit_id, stop_id, stop_index) VALUES (21, 8, 7);
INSERT INTO public.transit_stop (transit_id, stop_id, stop_index) VALUES (21, 9, 8);
INSERT INTO public.transit_stop (transit_id, stop_id, stop_index) VALUES (21, 10, 9);
INSERT INTO public.transit_stop (transit_id, stop_id, stop_index) VALUES (21, 11, 10);
INSERT INTO public.transit_stop (transit_id, stop_id, stop_index) VALUES (21, 12, 11);
INSERT INTO public.transit_stop (transit_id, stop_id, stop_index) VALUES (21, 13, 12);
INSERT INTO public.transit_stop (transit_id, stop_id, stop_index) VALUES (21, 14, 13);
INSERT INTO public.transit_stop (transit_id, stop_id, stop_index) VALUES (21, 15, 14);
INSERT INTO public.transit_stop (transit_id, stop_id, stop_index) VALUES (21, 16, 15);
INSERT INTO public.transit_stop (transit_id, stop_id, stop_index) VALUES (21, 17, 16);
INSERT INTO public.transit_stop (transit_id, stop_id, stop_index) VALUES (21, 18, 17);
INSERT INTO public.transit_stop (transit_id, stop_id, stop_index) VALUES (21, 19, 18);
INSERT INTO public.transit_stop (transit_id, stop_id, stop_index) VALUES (21, 20, 19);
INSERT INTO public.transit_stop (transit_id, stop_id, stop_index) VALUES (21, 21, 20);
INSERT INTO public.transit_stop (transit_id, stop_id, stop_index) VALUES (21, 22, 21);
INSERT INTO public.transit_stop (transit_id, stop_id, stop_index) VALUES (21, 23, 22);
INSERT INTO public.transit_stop (transit_id, stop_id, stop_index) VALUES (21, 24, 23);
INSERT INTO public.transit_stop (transit_id, stop_id, stop_index) VALUES (21, 25, 24);
INSERT INTO public.transit_stop (transit_id, stop_id, stop_index) VALUES (21, 26, 25);
INSERT INTO public.transit_stop (transit_id, stop_id, stop_index) VALUES (10364, 27, 0);
INSERT INTO public.transit_stop (transit_id, stop_id, stop_index) VALUES (10364, 28, 1);
INSERT INTO public.transit_stop (transit_id, stop_id, stop_index) VALUES (10364, 29, 2);
INSERT INTO public.transit_stop (transit_id, stop_id, stop_index) VALUES (10364, 30, 3);
INSERT INTO public.transit_stop (transit_id, stop_id, stop_index) VALUES (10364, 31, 4);
INSERT INTO public.transit_stop (transit_id, stop_id, stop_index) VALUES (10364, 32, 5);
INSERT INTO public.transit_stop (transit_id, stop_id, stop_index) VALUES (10364, 33, 6);
INSERT INTO public.transit_stop (transit_id, stop_id, stop_index) VALUES (10364, 34, 7);
INSERT INTO public.transit_stop (transit_id, stop_id, stop_index) VALUES (10364, 35, 8);
INSERT INTO public.transit_stop (transit_id, stop_id, stop_index) VALUES (10364, 36, 9);
INSERT INTO public.transit_stop (transit_id, stop_id, stop_index) VALUES (10364, 37, 10);
INSERT INTO public.transit_stop (transit_id, stop_id, stop_index) VALUES (10364, 38, 11);
INSERT INTO public.transit_stop (transit_id, stop_id, stop_index) VALUES (10364, 39, 12);
INSERT INTO public.transit_stop (transit_id, stop_id, stop_index) VALUES (10364, 40, 13);
INSERT INTO public.transit_stop (transit_id, stop_id, stop_index) VALUES (10364, 41, 14);
INSERT INTO public.transit_stop (transit_id, stop_id, stop_index) VALUES (10364, 42, 15);
INSERT INTO public.transit_stop (transit_id, stop_id, stop_index) VALUES (10364, 43, 16);
INSERT INTO public.transit_stop (transit_id, stop_id, stop_index) VALUES (10364, 44, 17);
INSERT INTO public.transit_stop (transit_id, stop_id, stop_index) VALUES (10364, 45, 18);
INSERT INTO public.transit_stop (transit_id, stop_id, stop_index) VALUES (10364, 46, 19);
INSERT INTO public.transit_stop (transit_id, stop_id, stop_index) VALUES (10364, 47, 20);
INSERT INTO public.transit_stop (transit_id, stop_id, stop_index) VALUES (10364, 48, 21);
INSERT INTO public.transit_stop (transit_id, stop_id, stop_index) VALUES (10364, 49, 22);
INSERT INTO public.transit_stop (transit_id, stop_id, stop_index) VALUES (10364, 50, 23);
INSERT INTO public.transit_stop (transit_id, stop_id, stop_index) VALUES (10364, 51, 24);
INSERT INTO public.transit_stop (transit_id, stop_id, stop_index) VALUES (10364, 52, 25);
INSERT INTO public.transit_stop (transit_id, stop_id, stop_index) VALUES (10364, 53, 26);
INSERT INTO public.transit_stop (transit_id, stop_id, stop_index) VALUES (10364, 54, 27);
INSERT INTO public.transit_stop (transit_id, stop_id, stop_index) VALUES (10364, 55, 28);
INSERT INTO public.transit_stop (transit_id, stop_id, stop_index) VALUES (10364, 56, 29);
INSERT INTO public.transit_stop (transit_id, stop_id, stop_index) VALUES (10364, 57, 30);
INSERT INTO public.transit_stop (transit_id, stop_id, stop_index) VALUES (10364, 58, 31);
INSERT INTO public.transit_stop (transit_id, stop_id, stop_index) VALUES (10364, 59, 32);
INSERT INTO public.transit_stop (transit_id, stop_id, stop_index) VALUES (10364, 60, 33);
INSERT INTO public.transit_stop (transit_id, stop_id, stop_index) VALUES (10364, 61, 34);
INSERT INTO public.transit_stop (transit_id, stop_id, stop_index) VALUES (10364, 62, 35);
INSERT INTO public.transit_stop (transit_id, stop_id, stop_index) VALUES (10364, 63, 36);
INSERT INTO public.transit_stop (transit_id, stop_id, stop_index) VALUES (10364, 64, 37);
INSERT INTO public.transit_stop (transit_id, stop_id, stop_index) VALUES (10364, 65, 38);
INSERT INTO public.transit_stop (transit_id, stop_id, stop_index) VALUES (10364, 66, 39);
INSERT INTO public.transit_stop (transit_id, stop_id, stop_index) VALUES (10364, 67, 40);
INSERT INTO public.transit_stop (transit_id, stop_id, stop_index) VALUES (10364, 68, 41);
INSERT INTO public.transit_stop (transit_id, stop_id, stop_index) VALUES (10364, 69, 42);
INSERT INTO public.transit_stop (transit_id, stop_id, stop_index) VALUES (10364, 70, 43);
INSERT INTO public.transit_stop (transit_id, stop_id, stop_index) VALUES (316, 71, 0);
INSERT INTO public.transit_stop (transit_id, stop_id, stop_index) VALUES (316, 72, 1);
INSERT INTO public.transit_stop (transit_id, stop_id, stop_index) VALUES (316, 73, 2);
INSERT INTO public.transit_stop (transit_id, stop_id, stop_index) VALUES (316, 74, 3);
INSERT INTO public.transit_stop (transit_id, stop_id, stop_index) VALUES (316, 75, 4);
INSERT INTO public.transit_stop (transit_id, stop_id, stop_index) VALUES (316, 76, 5);
INSERT INTO public.transit_stop (transit_id, stop_id, stop_index) VALUES (316, 77, 6);
INSERT INTO public.transit_stop (transit_id, stop_id, stop_index) VALUES (316, 78, 7);
INSERT INTO public.transit_stop (transit_id, stop_id, stop_index) VALUES (316, 79, 8);
INSERT INTO public.transit_stop (transit_id, stop_id, stop_index) VALUES (316, 80, 9);
INSERT INTO public.transit_stop (transit_id, stop_id, stop_index) VALUES (316, 81, 10);
INSERT INTO public.transit_stop (transit_id, stop_id, stop_index) VALUES (316, 82, 11);
INSERT INTO public.transit_stop (transit_id, stop_id, stop_index) VALUES (316, 83, 12);
INSERT INTO public.transit_stop (transit_id, stop_id, stop_index) VALUES (316, 84, 13);
INSERT INTO public.transit_stop (transit_id, stop_id, stop_index) VALUES (316, 85, 14);
INSERT INTO public.transit_stop (transit_id, stop_id, stop_index) VALUES (316, 86, 15);
INSERT INTO public.transit_stop (transit_id, stop_id, stop_index) VALUES (316, 87, 16);
INSERT INTO public.transit_stop (transit_id, stop_id, stop_index) VALUES (316, 88, 17);
INSERT INTO public.transit_stop (transit_id, stop_id, stop_index) VALUES (316, 89, 18);
INSERT INTO public.transit_stop (transit_id, stop_id, stop_index) VALUES (316, 90, 19);
INSERT INTO public.transit_stop (transit_id, stop_id, stop_index) VALUES (316, 91, 20);
INSERT INTO public.transit_stop (transit_id, stop_id, stop_index) VALUES (316, 92, 21);
INSERT INTO public.transit_stop (transit_id, stop_id, stop_index) VALUES (316, 93, 22);
INSERT INTO public.transit_stop (transit_id, stop_id, stop_index) VALUES (316, 94, 23);
INSERT INTO public.transit_stop (transit_id, stop_id, stop_index) VALUES (316, 95, 24);
INSERT INTO public.transit_stop (transit_id, stop_id, stop_index) VALUES (316, 96, 25);
INSERT INTO public.transit_stop (transit_id, stop_id, stop_index) VALUES (316, 97, 26);
INSERT INTO public.transit_stop (transit_id, stop_id, stop_index) VALUES (316, 98, 27);
INSERT INTO public.transit_stop (transit_id, stop_id, stop_index) VALUES (316, 99, 28);
INSERT INTO public.transit_stop (transit_id, stop_id, stop_index) VALUES (316, 100, 29);
INSERT INTO public.transit_stop (transit_id, stop_id, stop_index) VALUES (316, 101, 30);
INSERT INTO public.transit_stop (transit_id, stop_id, stop_index) VALUES (316, 102, 31);
INSERT INTO public.transit_stop (transit_id, stop_id, stop_index) VALUES (316, 103, 32);
INSERT INTO public.transit_stop (transit_id, stop_id, stop_index) VALUES (316, 104, 33);
INSERT INTO public.transit_stop (transit_id, stop_id, stop_index) VALUES (316, 105, 34);
INSERT INTO public.transit_stop (transit_id, stop_id, stop_index) VALUES (316, 106, 35);
INSERT INTO public.transit_stop (transit_id, stop_id, stop_index) VALUES (316, 107, 36);
INSERT INTO public.transit_stop (transit_id, stop_id, stop_index) VALUES (10365, 108, 0);
INSERT INTO public.transit_stop (transit_id, stop_id, stop_index) VALUES (10365, 109, 1);
INSERT INTO public.transit_stop (transit_id, stop_id, stop_index) VALUES (10365, 110, 2);
INSERT INTO public.transit_stop (transit_id, stop_id, stop_index) VALUES (10365, 111, 3);
INSERT INTO public.transit_stop (transit_id, stop_id, stop_index) VALUES (10365, 112, 4);
INSERT INTO public.transit_stop (transit_id, stop_id, stop_index) VALUES (10365, 113, 5);
INSERT INTO public.transit_stop (transit_id, stop_id, stop_index) VALUES (10365, 114, 6);
INSERT INTO public.transit_stop (transit_id, stop_id, stop_index) VALUES (10365, 115, 7);
INSERT INTO public.transit_stop (transit_id, stop_id, stop_index) VALUES (10365, 116, 8);
INSERT INTO public.transit_stop (transit_id, stop_id, stop_index) VALUES (10365, 117, 9);
INSERT INTO public.transit_stop (transit_id, stop_id, stop_index) VALUES (10365, 118, 10);
INSERT INTO public.transit_stop (transit_id, stop_id, stop_index) VALUES (10365, 119, 11);
INSERT INTO public.transit_stop (transit_id, stop_id, stop_index) VALUES (10365, 120, 12);
INSERT INTO public.transit_stop (transit_id, stop_id, stop_index) VALUES (10365, 121, 13);
INSERT INTO public.transit_stop (transit_id, stop_id, stop_index) VALUES (10365, 122, 14);
INSERT INTO public.transit_stop (transit_id, stop_id, stop_index) VALUES (10365, 123, 15);
INSERT INTO public.transit_stop (transit_id, stop_id, stop_index) VALUES (10365, 124, 16);
INSERT INTO public.transit_stop (transit_id, stop_id, stop_index) VALUES (10365, 125, 17);
INSERT INTO public.transit_stop (transit_id, stop_id, stop_index) VALUES (10365, 126, 18);
INSERT INTO public.transit_stop (transit_id, stop_id, stop_index) VALUES (10365, 127, 19);
INSERT INTO public.transit_stop (transit_id, stop_id, stop_index) VALUES (10365, 128, 20);
INSERT INTO public.transit_stop (transit_id, stop_id, stop_index) VALUES (10365, 129, 21);
INSERT INTO public.transit_stop (transit_id, stop_id, stop_index) VALUES (10365, 130, 22);
INSERT INTO public.transit_stop (transit_id, stop_id, stop_index) VALUES (10365, 131, 23);
INSERT INTO public.transit_stop (transit_id, stop_id, stop_index) VALUES (10365, 132, 24);
INSERT INTO public.transit_stop (transit_id, stop_id, stop_index) VALUES (10365, 133, 25);
INSERT INTO public.transit_stop (transit_id, stop_id, stop_index) VALUES (10365, 134, 26);
INSERT INTO public.transit_stop (transit_id, stop_id, stop_index) VALUES (10365, 135, 27);
INSERT INTO public.transit_stop (transit_id, stop_id, stop_index) VALUES (10365, 136, 28);
INSERT INTO public.transit_stop (transit_id, stop_id, stop_index) VALUES (10365, 137, 29);
INSERT INTO public.transit_stop (transit_id, stop_id, stop_index) VALUES (10365, 138, 30);
INSERT INTO public.transit_stop (transit_id, stop_id, stop_index) VALUES (10365, 139, 31);
INSERT INTO public.transit_stop (transit_id, stop_id, stop_index) VALUES (10365, 140, 32);
INSERT INTO public.transit_stop (transit_id, stop_id, stop_index) VALUES (10365, 141, 33);
INSERT INTO public.transit_stop (transit_id, stop_id, stop_index) VALUES (10365, 142, 34);
INSERT INTO public.transit_stop (transit_id, stop_id, stop_index) VALUES (10365, 143, 35);
INSERT INTO public.transit_stop (transit_id, stop_id, stop_index) VALUES (10365, 144, 36);
INSERT INTO public.transit_stop (transit_id, stop_id, stop_index) VALUES (10365, 145, 37);
INSERT INTO public.transit_stop (transit_id, stop_id, stop_index) VALUES (10365, 146, 38);
INSERT INTO public.transit_stop (transit_id, stop_id, stop_index) VALUES (10365, 147, 39);
INSERT INTO public.transit_stop (transit_id, stop_id, stop_index) VALUES (10365, 148, 40);
INSERT INTO public.transit_stop (transit_id, stop_id, stop_index) VALUES (10365, 149, 41);
INSERT INTO public.transit_stop (transit_id, stop_id, stop_index) VALUES (10365, 150, 42);
INSERT INTO public.transit_stop (transit_id, stop_id, stop_index) VALUES (10365, 151, 43);
INSERT INTO public.transit_stop (transit_id, stop_id, stop_index) VALUES (10365, 152, 44);
INSERT INTO public.transit_stop (transit_id, stop_id, stop_index) VALUES (10365, 153, 45);
INSERT INTO public.transit_stop (transit_id, stop_id, stop_index) VALUES (10365, 154, 46);
INSERT INTO public.transit_stop (transit_id, stop_id, stop_index) VALUES (10365, 155, 47);
INSERT INTO public.transit_stop (transit_id, stop_id, stop_index) VALUES (10365, 156, 48);
INSERT INTO public.transit_stop (transit_id, stop_id, stop_index) VALUES (23, 157, 0);
INSERT INTO public.transit_stop (transit_id, stop_id, stop_index) VALUES (23, 158, 1);
INSERT INTO public.transit_stop (transit_id, stop_id, stop_index) VALUES (23, 159, 2);
INSERT INTO public.transit_stop (transit_id, stop_id, stop_index) VALUES (23, 160, 3);
INSERT INTO public.transit_stop (transit_id, stop_id, stop_index) VALUES (23, 161, 4);
INSERT INTO public.transit_stop (transit_id, stop_id, stop_index) VALUES (23, 162, 5);
INSERT INTO public.transit_stop (transit_id, stop_id, stop_index) VALUES (23, 163, 6);
INSERT INTO public.transit_stop (transit_id, stop_id, stop_index) VALUES (23, 164, 7);
INSERT INTO public.transit_stop (transit_id, stop_id, stop_index) VALUES (23, 165, 8);
INSERT INTO public.transit_stop (transit_id, stop_id, stop_index) VALUES (23, 166, 9);
INSERT INTO public.transit_stop (transit_id, stop_id, stop_index) VALUES (23, 167, 10);
INSERT INTO public.transit_stop (transit_id, stop_id, stop_index) VALUES (23, 168, 11);
INSERT INTO public.transit_stop (transit_id, stop_id, stop_index) VALUES (23, 169, 12);
INSERT INTO public.transit_stop (transit_id, stop_id, stop_index) VALUES (23, 170, 13);
INSERT INTO public.transit_stop (transit_id, stop_id, stop_index) VALUES (23, 171, 14);
INSERT INTO public.transit_stop (transit_id, stop_id, stop_index) VALUES (23, 172, 15);
INSERT INTO public.transit_stop (transit_id, stop_id, stop_index) VALUES (23, 173, 16);
INSERT INTO public.transit_stop (transit_id, stop_id, stop_index) VALUES (23, 174, 17);
INSERT INTO public.transit_stop (transit_id, stop_id, stop_index) VALUES (23, 175, 18);
INSERT INTO public.transit_stop (transit_id, stop_id, stop_index) VALUES (23, 176, 19);
INSERT INTO public.transit_stop (transit_id, stop_id, stop_index) VALUES (23, 177, 20);
INSERT INTO public.transit_stop (transit_id, stop_id, stop_index) VALUES (23, 178, 21);
INSERT INTO public.transit_stop (transit_id, stop_id, stop_index) VALUES (23, 179, 22);
INSERT INTO public.transit_stop (transit_id, stop_id, stop_index) VALUES (23, 180, 23);
INSERT INTO public.transit_stop (transit_id, stop_id, stop_index) VALUES (23, 181, 24);
INSERT INTO public.transit_stop (transit_id, stop_id, stop_index) VALUES (23, 182, 25);
INSERT INTO public.transit_stop (transit_id, stop_id, stop_index) VALUES (23, 183, 26);
INSERT INTO public.transit_stop (transit_id, stop_id, stop_index) VALUES (23, 184, 27);
INSERT INTO public.transit_stop (transit_id, stop_id, stop_index) VALUES (23, 185, 28);
INSERT INTO public.transit_stop (transit_id, stop_id, stop_index) VALUES (23, 186, 29);
INSERT INTO public.transit_stop (transit_id, stop_id, stop_index) VALUES (23, 187, 30);
INSERT INTO public.transit_stop (transit_id, stop_id, stop_index) VALUES (23, 188, 31);
INSERT INTO public.transit_stop (transit_id, stop_id, stop_index) VALUES (23, 189, 32);
INSERT INTO public.transit_stop (transit_id, stop_id, stop_index) VALUES (23, 190, 33);
INSERT INTO public.transit_stop (transit_id, stop_id, stop_index) VALUES (23, 191, 34);
INSERT INTO public.transit_stop (transit_id, stop_id, stop_index) VALUES (23, 192, 35);
INSERT INTO public.transit_stop (transit_id, stop_id, stop_index) VALUES (10366, 193, 0);
INSERT INTO public.transit_stop (transit_id, stop_id, stop_index) VALUES (10366, 194, 1);
INSERT INTO public.transit_stop (transit_id, stop_id, stop_index) VALUES (10366, 195, 2);
INSERT INTO public.transit_stop (transit_id, stop_id, stop_index) VALUES (10366, 196, 3);
INSERT INTO public.transit_stop (transit_id, stop_id, stop_index) VALUES (10366, 197, 4);
INSERT INTO public.transit_stop (transit_id, stop_id, stop_index) VALUES (10366, 198, 5);
INSERT INTO public.transit_stop (transit_id, stop_id, stop_index) VALUES (10366, 199, 6);
INSERT INTO public.transit_stop (transit_id, stop_id, stop_index) VALUES (10366, 200, 7);
INSERT INTO public.transit_stop (transit_id, stop_id, stop_index) VALUES (10366, 201, 8);
INSERT INTO public.transit_stop (transit_id, stop_id, stop_index) VALUES (10366, 202, 9);
INSERT INTO public.transit_stop (transit_id, stop_id, stop_index) VALUES (10366, 203, 10);
INSERT INTO public.transit_stop (transit_id, stop_id, stop_index) VALUES (10366, 204, 11);
INSERT INTO public.transit_stop (transit_id, stop_id, stop_index) VALUES (10366, 205, 12);
INSERT INTO public.transit_stop (transit_id, stop_id, stop_index) VALUES (10366, 206, 13);
INSERT INTO public.transit_stop (transit_id, stop_id, stop_index) VALUES (10366, 207, 14);
INSERT INTO public.transit_stop (transit_id, stop_id, stop_index) VALUES (10366, 208, 15);
INSERT INTO public.transit_stop (transit_id, stop_id, stop_index) VALUES (10366, 209, 16);
INSERT INTO public.transit_stop (transit_id, stop_id, stop_index) VALUES (10366, 210, 17);
INSERT INTO public.transit_stop (transit_id, stop_id, stop_index) VALUES (10366, 211, 18);
INSERT INTO public.transit_stop (transit_id, stop_id, stop_index) VALUES (10366, 212, 19);
INSERT INTO public.transit_stop (transit_id, stop_id, stop_index) VALUES (10366, 213, 20);
INSERT INTO public.transit_stop (transit_id, stop_id, stop_index) VALUES (10366, 214, 21);
INSERT INTO public.transit_stop (transit_id, stop_id, stop_index) VALUES (10366, 215, 22);
INSERT INTO public.transit_stop (transit_id, stop_id, stop_index) VALUES (10366, 216, 23);
INSERT INTO public.transit_stop (transit_id, stop_id, stop_index) VALUES (10366, 217, 24);
INSERT INTO public.transit_stop (transit_id, stop_id, stop_index) VALUES (10366, 218, 25);
INSERT INTO public.transit_stop (transit_id, stop_id, stop_index) VALUES (10366, 219, 26);
INSERT INTO public.transit_stop (transit_id, stop_id, stop_index) VALUES (10366, 220, 27);
INSERT INTO public.transit_stop (transit_id, stop_id, stop_index) VALUES (10366, 221, 28);
INSERT INTO public.transit_stop (transit_id, stop_id, stop_index) VALUES (10366, 222, 29);
INSERT INTO public.transit_stop (transit_id, stop_id, stop_index) VALUES (10366, 223, 30);
INSERT INTO public.transit_stop (transit_id, stop_id, stop_index) VALUES (10366, 224, 31);
INSERT INTO public.transit_stop (transit_id, stop_id, stop_index) VALUES (10366, 225, 32);
INSERT INTO public.transit_stop (transit_id, stop_id, stop_index) VALUES (10366, 226, 33);
INSERT INTO public.transit_stop (transit_id, stop_id, stop_index) VALUES (10366, 227, 34);
INSERT INTO public.transit_stop (transit_id, stop_id, stop_index) VALUES (10366, 228, 35);
INSERT INTO public.transit_stop (transit_id, stop_id, stop_index) VALUES (10366, 229, 36);
INSERT INTO public.transit_stop (transit_id, stop_id, stop_index) VALUES (10366, 230, 37);
INSERT INTO public.transit_stop (transit_id, stop_id, stop_index) VALUES (10366, 231, 38);
INSERT INTO public.transit_stop (transit_id, stop_id, stop_index) VALUES (10366, 232, 39);
INSERT INTO public.transit_stop (transit_id, stop_id, stop_index) VALUES (10366, 233, 40);
INSERT INTO public.transit_stop (transit_id, stop_id, stop_index) VALUES (10366, 234, 41);
INSERT INTO public.transit_stop (transit_id, stop_id, stop_index) VALUES (10366, 235, 42);
INSERT INTO public.transit_stop (transit_id, stop_id, stop_index) VALUES (168, 236, 0);
INSERT INTO public.transit_stop (transit_id, stop_id, stop_index) VALUES (168, 237, 1);
INSERT INTO public.transit_stop (transit_id, stop_id, stop_index) VALUES (168, 238, 2);
INSERT INTO public.transit_stop (transit_id, stop_id, stop_index) VALUES (168, 239, 3);
INSERT INTO public.transit_stop (transit_id, stop_id, stop_index) VALUES (168, 240, 4);
INSERT INTO public.transit_stop (transit_id, stop_id, stop_index) VALUES (168, 241, 5);
INSERT INTO public.transit_stop (transit_id, stop_id, stop_index) VALUES (168, 242, 6);
INSERT INTO public.transit_stop (transit_id, stop_id, stop_index) VALUES (168, 243, 7);
INSERT INTO public.transit_stop (transit_id, stop_id, stop_index) VALUES (168, 244, 8);
INSERT INTO public.transit_stop (transit_id, stop_id, stop_index) VALUES (168, 245, 9);
INSERT INTO public.transit_stop (transit_id, stop_id, stop_index) VALUES (168, 246, 10);
INSERT INTO public.transit_stop (transit_id, stop_id, stop_index) VALUES (168, 247, 11);
INSERT INTO public.transit_stop (transit_id, stop_id, stop_index) VALUES (168, 248, 12);
INSERT INTO public.transit_stop (transit_id, stop_id, stop_index) VALUES (168, 249, 13);
INSERT INTO public.transit_stop (transit_id, stop_id, stop_index) VALUES (168, 250, 14);
INSERT INTO public.transit_stop (transit_id, stop_id, stop_index) VALUES (168, 251, 15);
INSERT INTO public.transit_stop (transit_id, stop_id, stop_index) VALUES (168, 252, 16);
INSERT INTO public.transit_stop (transit_id, stop_id, stop_index) VALUES (168, 253, 17);
INSERT INTO public.transit_stop (transit_id, stop_id, stop_index) VALUES (168, 254, 18);
INSERT INTO public.transit_stop (transit_id, stop_id, stop_index) VALUES (168, 255, 19);
INSERT INTO public.transit_stop (transit_id, stop_id, stop_index) VALUES (168, 256, 20);
INSERT INTO public.transit_stop (transit_id, stop_id, stop_index) VALUES (168, 257, 21);
INSERT INTO public.transit_stop (transit_id, stop_id, stop_index) VALUES (168, 258, 22);
INSERT INTO public.transit_stop (transit_id, stop_id, stop_index) VALUES (168, 259, 23);
INSERT INTO public.transit_stop (transit_id, stop_id, stop_index) VALUES (168, 260, 24);
INSERT INTO public.transit_stop (transit_id, stop_id, stop_index) VALUES (168, 261, 25);
INSERT INTO public.transit_stop (transit_id, stop_id, stop_index) VALUES (168, 262, 26);
INSERT INTO public.transit_stop (transit_id, stop_id, stop_index) VALUES (168, 263, 27);
INSERT INTO public.transit_stop (transit_id, stop_id, stop_index) VALUES (168, 264, 28);
INSERT INTO public.transit_stop (transit_id, stop_id, stop_index) VALUES (168, 265, 29);
INSERT INTO public.transit_stop (transit_id, stop_id, stop_index) VALUES (168, 266, 30);
INSERT INTO public.transit_stop (transit_id, stop_id, stop_index) VALUES (168, 267, 31);
INSERT INTO public.transit_stop (transit_id, stop_id, stop_index) VALUES (168, 268, 32);
INSERT INTO public.transit_stop (transit_id, stop_id, stop_index) VALUES (10367, 269, 0);
INSERT INTO public.transit_stop (transit_id, stop_id, stop_index) VALUES (10367, 270, 1);
INSERT INTO public.transit_stop (transit_id, stop_id, stop_index) VALUES (10367, 271, 2);
INSERT INTO public.transit_stop (transit_id, stop_id, stop_index) VALUES (10367, 272, 3);
INSERT INTO public.transit_stop (transit_id, stop_id, stop_index) VALUES (10367, 273, 4);
INSERT INTO public.transit_stop (transit_id, stop_id, stop_index) VALUES (10367, 274, 5);
INSERT INTO public.transit_stop (transit_id, stop_id, stop_index) VALUES (10367, 275, 6);
INSERT INTO public.transit_stop (transit_id, stop_id, stop_index) VALUES (10367, 276, 7);
INSERT INTO public.transit_stop (transit_id, stop_id, stop_index) VALUES (10367, 277, 8);
INSERT INTO public.transit_stop (transit_id, stop_id, stop_index) VALUES (10367, 278, 9);
INSERT INTO public.transit_stop (transit_id, stop_id, stop_index) VALUES (10367, 279, 10);
INSERT INTO public.transit_stop (transit_id, stop_id, stop_index) VALUES (10367, 280, 11);
INSERT INTO public.transit_stop (transit_id, stop_id, stop_index) VALUES (10367, 281, 12);
INSERT INTO public.transit_stop (transit_id, stop_id, stop_index) VALUES (10367, 282, 13);
INSERT INTO public.transit_stop (transit_id, stop_id, stop_index) VALUES (10367, 283, 14);
INSERT INTO public.transit_stop (transit_id, stop_id, stop_index) VALUES (10367, 284, 15);
INSERT INTO public.transit_stop (transit_id, stop_id, stop_index) VALUES (10367, 285, 16);
INSERT INTO public.transit_stop (transit_id, stop_id, stop_index) VALUES (10367, 286, 17);
INSERT INTO public.transit_stop (transit_id, stop_id, stop_index) VALUES (10367, 287, 18);
INSERT INTO public.transit_stop (transit_id, stop_id, stop_index) VALUES (10367, 288, 19);
INSERT INTO public.transit_stop (transit_id, stop_id, stop_index) VALUES (10367, 289, 20);
INSERT INTO public.transit_stop (transit_id, stop_id, stop_index) VALUES (10367, 290, 21);
INSERT INTO public.transit_stop (transit_id, stop_id, stop_index) VALUES (10367, 291, 22);
INSERT INTO public.transit_stop (transit_id, stop_id, stop_index) VALUES (10367, 292, 23);
INSERT INTO public.transit_stop (transit_id, stop_id, stop_index) VALUES (10367, 293, 24);
INSERT INTO public.transit_stop (transit_id, stop_id, stop_index) VALUES (10367, 294, 25);
INSERT INTO public.transit_stop (transit_id, stop_id, stop_index) VALUES (10367, 295, 26);
INSERT INTO public.transit_stop (transit_id, stop_id, stop_index) VALUES (10367, 296, 27);
INSERT INTO public.transit_stop (transit_id, stop_id, stop_index) VALUES (10367, 297, 28);
INSERT INTO public.transit_stop (transit_id, stop_id, stop_index) VALUES (10367, 298, 29);
INSERT INTO public.transit_stop (transit_id, stop_id, stop_index) VALUES (10367, 299, 30);
INSERT INTO public.transit_stop (transit_id, stop_id, stop_index) VALUES (10367, 300, 31);
INSERT INTO public.transit_stop (transit_id, stop_id, stop_index) VALUES (10367, 301, 32);
INSERT INTO public.transit_stop (transit_id, stop_id, stop_index) VALUES (10367, 302, 33);
INSERT INTO public.transit_stop (transit_id, stop_id, stop_index) VALUES (10367, 303, 34);
INSERT INTO public.transit_stop (transit_id, stop_id, stop_index) VALUES (10367, 304, 35);
INSERT INTO public.transit_stop (transit_id, stop_id, stop_index) VALUES (10367, 305, 36);
INSERT INTO public.transit_stop (transit_id, stop_id, stop_index) VALUES (10367, 306, 37);
INSERT INTO public.transit_stop (transit_id, stop_id, stop_index) VALUES (10367, 307, 38);
INSERT INTO public.transit_stop (transit_id, stop_id, stop_index) VALUES (10367, 308, 39);
INSERT INTO public.transit_stop (transit_id, stop_id, stop_index) VALUES (10367, 309, 40);
INSERT INTO public.transit_stop (transit_id, stop_id, stop_index) VALUES (10367, 310, 41);
INSERT INTO public.transit_stop (transit_id, stop_id, stop_index) VALUES (10367, 311, 42);
INSERT INTO public.transit_stop (transit_id, stop_id, stop_index) VALUES (10367, 312, 43);
INSERT INTO public.transit_stop (transit_id, stop_id, stop_index) VALUES (10367, 313, 44);
INSERT INTO public.transit_stop (transit_id, stop_id, stop_index) VALUES (10367, 314, 45);
INSERT INTO public.transit_stop (transit_id, stop_id, stop_index) VALUES (10367, 315, 46);
INSERT INTO public.transit_stop (transit_id, stop_id, stop_index) VALUES (10367, 316, 47);
INSERT INTO public.transit_stop (transit_id, stop_id, stop_index) VALUES (10367, 317, 48);
INSERT INTO public.transit_stop (transit_id, stop_id, stop_index) VALUES (10367, 318, 49);
INSERT INTO public.transit_stop (transit_id, stop_id, stop_index) VALUES (10367, 319, 50);
INSERT INTO public.transit_stop (transit_id, stop_id, stop_index) VALUES (10367, 320, 51);
INSERT INTO public.transit_stop (transit_id, stop_id, stop_index) VALUES (25, 321, 0);
INSERT INTO public.transit_stop (transit_id, stop_id, stop_index) VALUES (25, 322, 1);
INSERT INTO public.transit_stop (transit_id, stop_id, stop_index) VALUES (25, 323, 2);
INSERT INTO public.transit_stop (transit_id, stop_id, stop_index) VALUES (25, 324, 3);
INSERT INTO public.transit_stop (transit_id, stop_id, stop_index) VALUES (25, 325, 4);
INSERT INTO public.transit_stop (transit_id, stop_id, stop_index) VALUES (25, 326, 5);
INSERT INTO public.transit_stop (transit_id, stop_id, stop_index) VALUES (25, 327, 6);
INSERT INTO public.transit_stop (transit_id, stop_id, stop_index) VALUES (25, 328, 7);
INSERT INTO public.transit_stop (transit_id, stop_id, stop_index) VALUES (25, 329, 8);
INSERT INTO public.transit_stop (transit_id, stop_id, stop_index) VALUES (25, 330, 9);
INSERT INTO public.transit_stop (transit_id, stop_id, stop_index) VALUES (25, 331, 10);
INSERT INTO public.transit_stop (transit_id, stop_id, stop_index) VALUES (25, 332, 11);
INSERT INTO public.transit_stop (transit_id, stop_id, stop_index) VALUES (25, 333, 12);
INSERT INTO public.transit_stop (transit_id, stop_id, stop_index) VALUES (25, 334, 13);
INSERT INTO public.transit_stop (transit_id, stop_id, stop_index) VALUES (25, 335, 14);
INSERT INTO public.transit_stop (transit_id, stop_id, stop_index) VALUES (25, 336, 15);
INSERT INTO public.transit_stop (transit_id, stop_id, stop_index) VALUES (25, 337, 16);
INSERT INTO public.transit_stop (transit_id, stop_id, stop_index) VALUES (25, 338, 17);
INSERT INTO public.transit_stop (transit_id, stop_id, stop_index) VALUES (25, 339, 18);
INSERT INTO public.transit_stop (transit_id, stop_id, stop_index) VALUES (25, 340, 19);
INSERT INTO public.transit_stop (transit_id, stop_id, stop_index) VALUES (25, 341, 20);
INSERT INTO public.transit_stop (transit_id, stop_id, stop_index) VALUES (25, 342, 21);
INSERT INTO public.transit_stop (transit_id, stop_id, stop_index) VALUES (25, 343, 22);
INSERT INTO public.transit_stop (transit_id, stop_id, stop_index) VALUES (25, 344, 23);
INSERT INTO public.transit_stop (transit_id, stop_id, stop_index) VALUES (25, 345, 24);
INSERT INTO public.transit_stop (transit_id, stop_id, stop_index) VALUES (25, 346, 25);
INSERT INTO public.transit_stop (transit_id, stop_id, stop_index) VALUES (25, 347, 26);
INSERT INTO public.transit_stop (transit_id, stop_id, stop_index) VALUES (25, 348, 27);
INSERT INTO public.transit_stop (transit_id, stop_id, stop_index) VALUES (25, 349, 28);
INSERT INTO public.transit_stop (transit_id, stop_id, stop_index) VALUES (25, 350, 29);
INSERT INTO public.transit_stop (transit_id, stop_id, stop_index) VALUES (25, 351, 30);
INSERT INTO public.transit_stop (transit_id, stop_id, stop_index) VALUES (25, 352, 31);
INSERT INTO public.transit_stop (transit_id, stop_id, stop_index) VALUES (25, 353, 32);
INSERT INTO public.transit_stop (transit_id, stop_id, stop_index) VALUES (25, 354, 33);
INSERT INTO public.transit_stop (transit_id, stop_id, stop_index) VALUES (25, 355, 34);
INSERT INTO public.transit_stop (transit_id, stop_id, stop_index) VALUES (25, 356, 35);
INSERT INTO public.transit_stop (transit_id, stop_id, stop_index) VALUES (25, 357, 36);
INSERT INTO public.transit_stop (transit_id, stop_id, stop_index) VALUES (25, 358, 37);
INSERT INTO public.transit_stop (transit_id, stop_id, stop_index) VALUES (25, 359, 38);
INSERT INTO public.transit_stop (transit_id, stop_id, stop_index) VALUES (25, 360, 39);
INSERT INTO public.transit_stop (transit_id, stop_id, stop_index) VALUES (25, 361, 40);
INSERT INTO public.transit_stop (transit_id, stop_id, stop_index) VALUES (25, 362, 41);
INSERT INTO public.transit_stop (transit_id, stop_id, stop_index) VALUES (25, 363, 42);
INSERT INTO public.transit_stop (transit_id, stop_id, stop_index) VALUES (25, 364, 43);
INSERT INTO public.transit_stop (transit_id, stop_id, stop_index) VALUES (25, 365, 44);
INSERT INTO public.transit_stop (transit_id, stop_id, stop_index) VALUES (25, 366, 45);
INSERT INTO public.transit_stop (transit_id, stop_id, stop_index) VALUES (25, 367, 46);
INSERT INTO public.transit_stop (transit_id, stop_id, stop_index) VALUES (25, 368, 47);
INSERT INTO public.transit_stop (transit_id, stop_id, stop_index) VALUES (25, 369, 48);
INSERT INTO public.transit_stop (transit_id, stop_id, stop_index) VALUES (25, 370, 49);
INSERT INTO public.transit_stop (transit_id, stop_id, stop_index) VALUES (25, 371, 50);
INSERT INTO public.transit_stop (transit_id, stop_id, stop_index) VALUES (25, 372, 51);
INSERT INTO public.transit_stop (transit_id, stop_id, stop_index) VALUES (25, 373, 52);
INSERT INTO public.transit_stop (transit_id, stop_id, stop_index) VALUES (25, 374, 53);
INSERT INTO public.transit_stop (transit_id, stop_id, stop_index) VALUES (25, 375, 54);
INSERT INTO public.transit_stop (transit_id, stop_id, stop_index) VALUES (25, 376, 55);
INSERT INTO public.transit_stop (transit_id, stop_id, stop_index) VALUES (25, 377, 56);
INSERT INTO public.transit_stop (transit_id, stop_id, stop_index) VALUES (25, 378, 57);

INSERT INTO public.feedback_criteria (id, type, category_id) VALUES (1, 'RATING', 4);
INSERT INTO public.feedback_criteria (id, type, category_id) VALUES (2, 'RATING', 5);
INSERT INTO public.feedback_criteria (id, type, category_id) VALUES (3, 'RATING', 5);
INSERT INTO public.feedback_criteria (id, type, category_id) VALUES (4, 'RATING', 6);
INSERT INTO public.feedback_criteria (id, type, category_id) VALUES (5, 'RATING', 6);
INSERT INTO public.feedback_criteria (id, type, category_id) VALUES (6, 'RATING', 7);
INSERT INTO public.feedback_criteria (id, type, category_id) VALUES (7, 'RATING', 7);
INSERT INTO public.feedback_criteria (id, type, category_id) VALUES (12, 'ROUTE_CAPACITY', 5);
INSERT INTO public.feedback_criteria (id, type, category_id) VALUES (13, 'ROUTE_CAPACITY', 6);
INSERT INTO public.feedback_criteria (id, type, category_id) VALUES (14, 'ROUTE_CAPACITY', 7);
INSERT INTO public.feedback_criteria (id, type, category_id) VALUES (15, 'HOURS_CAPACITY', 4);
INSERT INTO public.feedback_criteria (id, type, category_id) VALUES (16, 'HOURS_CAPACITY', 5);
INSERT INTO public.feedback_criteria (id, type, category_id) VALUES (17, 'HOURS_CAPACITY', 6);
INSERT INTO public.feedback_criteria (id, type, category_id) VALUES (18, 'HOURS_CAPACITY', 7);
INSERT INTO public.feedback_criteria (id, type, category_id) VALUES (19, 'ROUTE_CAPACITY', 4);
INSERT INTO public.feedback_criteria (id, type, category_id) VALUES (20, 'RATING', 4);
INSERT INTO public.feedback_criteria (id, type, category_id) VALUES (10, 'SIMPLE', 6);
INSERT INTO public.feedback_criteria (id, type, category_id) VALUES (11, 'SIMPLE', 7);
INSERT INTO public.feedback_criteria (id, type, category_id) VALUES (8, 'SIMPLE', 4);
INSERT INTO public.feedback_criteria (id, type, category_id) VALUES (9, 'SIMPLE', 5);
INSERT INTO public.feedback_criteria (id, type, category_id) VALUES (25, 'CONFLICT', 4);
INSERT INTO public.feedback_criteria (id, type, category_id) VALUES (26, 'CONFLICT', 5);
INSERT INTO public.feedback_criteria (id, type, category_id) VALUES (27, 'CONFLICT', 6);
INSERT INTO public.feedback_criteria (id, type, category_id) VALUES (28, 'CONFLICT', 7);
INSERT INTO public.feedback_criteria (id, type, category_id) VALUES (22, 'QUANTITY_LOAD', 5);
INSERT INTO public.feedback_criteria (id, type, category_id) VALUES (23, 'QUANTITY_LOAD', 6);
INSERT INTO public.feedback_criteria (id, type, category_id) VALUES (24, 'QUANTITY_LOAD', 7);
INSERT INTO public.feedback_criteria (id, type, category_id) VALUES (21, 'QUANTITY_LOAD', 4);

INSERT INTO public.question (id, name, weight, criteria_id, type, priority) VALUES (30, 'Оцініть завантаженість ', null, 17, 'PERCENTAGE', 1);
INSERT INTO public.question (id, name, weight, criteria_id, type, priority) VALUES (3, 'Чи задоволені тримваєм?', null, 8, 'SIMPLE', 2);
INSERT INTO public.question (id, name, weight, criteria_id, type, priority) VALUES (28, 'Вкажіть час посадки у автобус?', null, 17, 'TIME', 1);
INSERT INTO public.question (id, name, weight, criteria_id, type, priority) VALUES (1, 'Якість обслуговуючого персоналу (водій , кондуктор)?', 2, 1, 'SIMPLE', 2);
INSERT INTO public.question (id, name, weight, criteria_id, type, priority) VALUES (18, 'Вкажіть час посадки у маршрутку?', null, 18, 'TIME', 1);
INSERT INTO public.question (id, name, weight, criteria_id, type, priority) VALUES (17, 'Оцініть завантаженість ', null, 12, 'PERCENTAGE', 1);
INSERT INTO public.question (id, name, weight, criteria_id, type, priority) VALUES (6, 'Вкажіть кінцеву зупинку:', null, 19, 'STOP', 2);
INSERT INTO public.question (id, name, weight, criteria_id, type, priority) VALUES (13, 'Якість проїзду?', 5, 3, 'SIMPLE', 3);
INSERT INTO public.question (id, name, weight, criteria_id, type, priority) VALUES (23, 'Оцініть професіоналізм водія', 3, 5, 'SIMPLE', 1);
INSERT INTO public.question (id, name, weight, criteria_id, type, priority) VALUES (21, 'Оцініть стан автобусу', 5, 4, 'SIMPLE', 1);
INSERT INTO public.question (id, name, weight, criteria_id, type, priority) VALUES (11, 'Якість обслуговуючого персоналу (водій , кондуктор)?', 2, 2, 'SIMPLE', 1);
INSERT INTO public.question (id, name, weight, criteria_id, type, priority) VALUES (10, 'Оцініть завантаженість ', null, 15, 'PERCENTAGE', 1);
INSERT INTO public.question (id, name, weight, criteria_id, type, priority) VALUES (26, 'Вкажіть кінцеву зупинку:', null, 13, 'STOP', 2);
INSERT INTO public.question (id, name, weight, criteria_id, type, priority) VALUES (41, 'Оцініть частоту появи маршруток на рейсі?', 6, 7, 'SIMPLE', 1);
INSERT INTO public.question (id, name, weight, criteria_id, type, priority) VALUES (20, 'Оцініть завантаженість ', null, 16, 'PERCENTAGE', 1);
INSERT INTO public.question (id, name, weight, criteria_id, type, priority) VALUES (8, 'Вкажіть час посадки у трамвай?', null, 15, 'TIME', 1);
INSERT INTO public.question (id, name, weight, criteria_id, type, priority) VALUES (15, 'Вкажіть початкову зупинку:', null, 12, 'STOP', 1);
INSERT INTO public.question (id, name, weight, criteria_id, type, priority) VALUES (14, 'Чи задоволені даним тролейбусом?', null, 9, 'SIMPLE', 1);
INSERT INTO public.question (id, name, weight, criteria_id, type, priority) VALUES (12, 'Якість салону?', 3, 2, 'SIMPLE', 2);
INSERT INTO public.question (id, name, weight, criteria_id, type, priority) VALUES (40, 'Оцініть завантаженість ', null, 18, 'PERCENTAGE', 1);
INSERT INTO public.question (id, name, weight, criteria_id, type, priority) VALUES (2, 'Якість салону?', 3, 1, 'SIMPLE', 1);
INSERT INTO public.question (id, name, weight, criteria_id, type, priority) VALUES (7, 'Оцініть завантаженість ', null, 19, 'PERCENTAGE', 1);
INSERT INTO public.question (id, name, weight, criteria_id, type, priority) VALUES (29, 'О котрій годині вийшли із автобуса?', null, 17, 'TIME', 2);
INSERT INTO public.question (id, name, weight, criteria_id, type, priority) VALUES (5, 'Вкажіть початкову зупинку:', null, 19, 'STOP', 1);
INSERT INTO public.question (id, name, weight, criteria_id, type, priority) VALUES (4, 'Якість проїзду?', 5, 20, 'SIMPLE', 1);
INSERT INTO public.question (id, name, weight, criteria_id, type, priority) VALUES (19, 'О котрій годині вийшли із нього ?', null, 16, 'TIME', 2);
INSERT INTO public.question (id, name, weight, criteria_id, type, priority) VALUES (27, 'Оцініть завантаженість ', null, 13, 'PERCENTAGE', 1);
INSERT INTO public.question (id, name, weight, criteria_id, type, priority) VALUES (25, 'Вкажіть початкову зупинку:', null, 13, 'STOP', 1);
INSERT INTO public.question (id, name, weight, criteria_id, type, priority) VALUES (24, 'Чи задоволені даним автобусом?', null, 10, 'SIMPLE', 1);
INSERT INTO public.question (id, name, weight, criteria_id, type, priority) VALUES (31, 'Оцініть стан маршрутки', 5, 6, 'SIMPLE', 1);
INSERT INTO public.question (id, name, weight, criteria_id, type, priority) VALUES (35, 'Вкажіть початкову зупинку:', null, 14, 'STOP', 1);
INSERT INTO public.question (id, name, weight, criteria_id, type, priority) VALUES (16, 'Вкажіть кінцеву зупинку:', null, 12, 'STOP', 2);
INSERT INTO public.question (id, name, weight, criteria_id, type, priority) VALUES (22, 'Якість салону', 2, 4, 'SIMPLE', 2);
INSERT INTO public.question (id, name, weight, criteria_id, type, priority) VALUES (38, 'Вкажіть час посадки у "рогатого"?', null, 16, 'TIME', 1);
INSERT INTO public.question (id, name, weight, criteria_id, type, priority) VALUES (37, 'Оцініть завантаженість ', null, 14, 'PERCENTAGE', 1);
INSERT INTO public.question (id, name, weight, criteria_id, type, priority) VALUES (9, 'О котрій годині вийшли із трамваю?', null, 15, 'TIME', 2);
INSERT INTO public.question (id, name, weight, criteria_id, type, priority) VALUES (34, 'Чи задоволені поїздкою в даній маршрутці?', null, 11, 'SIMPLE', 1);
INSERT INTO public.question (id, name, weight, criteria_id, type, priority) VALUES (32, 'Оцініть професіоналізм і ввічливість водія', 5, 6, 'SIMPLE', 2);
INSERT INTO public.question (id, name, weight, criteria_id, type, priority) VALUES (39, 'О котрій годині вийшли із маршрутки?', null, 18, 'TIME', 2);
INSERT INTO public.question (id, name, weight, criteria_id, type, priority) VALUES (36, 'Вкажіть кінцеву зупинку:', null, 14, 'STOP', 2);
INSERT INTO public.question (id, name, weight, criteria_id, type, priority) VALUES (45, 'Виберіть комфортабельність поїздки', null, 24, 'SIMPLE', 2);
INSERT INTO public.question (id, name, weight, criteria_id, type, priority) VALUES (44, 'Виберіть комфортабельність поїздки', null, 23, 'SIMPLE', 2);
INSERT INTO public.question (id, name, weight, criteria_id, type, priority) VALUES (43, 'Виберіть комфортабельність поїздки', null, 22, 'SIMPLE', 2);
INSERT INTO public.question (id, name, weight, criteria_id, type, priority) VALUES (42, 'Виберіть комфортабельність поїздки', null, 21, 'SIMPLE', 2);
INSERT INTO public.question (id, name, weight, criteria_id, type, priority) VALUES (47, 'Оберіть типи конфліктів', null, 27, 'SIMPLE', 3);
INSERT INTO public.question (id, name, weight, criteria_id, type, priority) VALUES (46, 'Оберіть типи конфліктів', null, 26, 'SIMPLE', 3);
INSERT INTO public.question (id, name, weight, criteria_id, type, priority) VALUES (49, 'Оберіть типи конфліктів', null, 28, 'SIMPLE', 3);
INSERT INTO public.question (id, name, weight, criteria_id, type, priority) VALUES (48, 'Оберіть типи конфліктів', null, 25, 'SIMPLE', 3);

INSERT INTO public.users (id, email, first_name, last_name, password, role, provider) VALUES (1, 'name1@gmail.com', 'Name1', 'Lastname1', '1111', 0, null);
INSERT INTO public.users (id, email, first_name, last_name, password, role, provider) VALUES (2, 'name2@gmail.com', 'Name2', 'Lastname2', '2222', 0, null);
INSERT INTO public.users (id, email, first_name, last_name, password, role, provider) VALUES (3, 'name3@gmail.com', 'Name3', 'Lastname3', '3333', 0, null);
INSERT INTO public.users (id, email, first_name, last_name, password, role, provider) VALUES (4, 'postman', 'postman', 'postman', '$2a$12$.Jvz18LqlmhPDXEl.vDdXO7Fu71Irv6tyHE0S2WdhFoIWTUWoaUvm', 0, null);
INSERT INTO public.users (id, email, first_name, last_name, password, role, provider) VALUES (5, 'pavlochornyy1994@gmail.com', 'Pavlo', 'Chornyi', '$2a$12$tnkpQ1Gd5HhZ6.Z2RxDxP.R/qeG5PfVlyvO.UM0W0lPqf.7Xg4Ite', 2, null);

INSERT INTO public.feedback (id, answer, criteria_id, transit_id, user_id, date) VALUES (66, '[{"answer":4,"weight":6}]', 6, 10365, 1, '2018-07-06 10:11:26.649000');
INSERT INTO public.feedback (id, answer, criteria_id, transit_id, user_id, date) VALUES (67, '[{"answer":2,"weight":7}]', 7, 10365, 1, '2018-07-06 10:11:26.804000');
INSERT INTO public.feedback (id, answer, criteria_id, transit_id, user_id, date) VALUES (68, '"NO"', 11, 10365, 1, '2018-07-06 10:11:26.886000');
INSERT INTO public.feedback (id, answer, criteria_id, transit_id, user_id, date) VALUES (69, '{"startTime":{"hour":11,"minute":11},"endTime":{"hour":12,"minute":12},"capacity":"25"}', 18, 10365, 1, '2018-07-06 10:11:27.019000');
INSERT INTO public.feedback (id, answer, criteria_id, transit_id, user_id, date) VALUES (70, '{"startTime":{"hour":11,"minute":11},"endTime":{"hour":12,"minute":12},"capacity":"25"}', 18, 10365, 1, '2018-07-06 10:11:27.117000');
INSERT INTO public.feedback (id, answer, criteria_id, transit_id, user_id, date) VALUES (83, '[{"answer":6,"weight":5},{"answer":3,"weight":5}]', 6, 10365, 1, '2018-07-11 10:14:55.835000');
INSERT INTO public.feedback (id, answer, criteria_id, transit_id, user_id, date) VALUES (84, '[{"answer":7,"weight":2},{"answer":3,"weight":6}]', 7, 10365, 1, '2018-07-11 10:14:55.876000');
INSERT INTO public.feedback (id, answer, criteria_id, transit_id, user_id, date) VALUES (85, '"NO"', 11, 10365, 1, '2018-07-11 10:14:55.913000');
INSERT INTO public.feedback (id, answer, criteria_id, transit_id, user_id, date) VALUES (86, '{"from":{"id":110,"street":"Церква Анни","lat":49.842787859682,"lng":24.018092751503,"direction":"FORWARD"},"to":{"id":113,"street":"пл. Кропивницького","lat":49.837730407714844,"lng":24.005586624145508,"direction":"FORWARD"},"capacity":"56"}', 14, 10365, 1, '2018-07-11 10:14:55.952000');
INSERT INTO public.feedback (id, answer, criteria_id, transit_id, user_id, date) VALUES (87, '{"startTime":{"hour":10,"minute":14},"endTime":{"hour":11,"minute":14},"capacity":"56"}', 18, 10365, 1, '2018-07-11 10:14:55.988000');
INSERT INTO public.feedback (id, answer, criteria_id, transit_id, user_id, date) VALUES (88, '[{"answer":6,"weight":5},{"answer":3,"weight":5}]', 6, 10365, 1, '2018-07-11 10:15:04.850000');
INSERT INTO public.feedback (id, answer, criteria_id, transit_id, user_id, date) VALUES (89, '[{"answer":7,"weight":2},{"answer":3,"weight":6}]', 7, 10365, 1, '2018-07-11 10:15:04.893000');
INSERT INTO public.feedback (id, answer, criteria_id, transit_id, user_id, date) VALUES (90, '"NO"', 11, 10365, 1, '2018-07-11 10:15:04.941000');
INSERT INTO public.feedback (id, answer, criteria_id, transit_id, user_id, date) VALUES (91, '{"from":{"id":110,"street":"Церква Анни","lat":49.842787859682,"lng":24.018092751503,"direction":"FORWARD"},"to":{"id":113,"street":"пл. Кропивницького","lat":49.837730407714844,"lng":24.005586624145508,"direction":"FORWARD"},"capacity":"56"}', 14, 10365, 1, '2018-07-11 10:15:04.979000');
INSERT INTO public.feedback (id, answer, criteria_id, transit_id, user_id, date) VALUES (92, '{"startTime":{"hour":10,"minute":14},"endTime":{"hour":11,"minute":14},"capacity":"56"}', 18, 10365, 1, '2018-07-11 10:15:05.015000');
INSERT INTO public.feedback (id, answer, criteria_id, transit_id, user_id, date) VALUES (93, '[{"answer":3,"weight":5},{"answer":6,"weight":5}]', 6, 10365, 1, '2018-07-11 10:21:45.471000');
INSERT INTO public.feedback (id, answer, criteria_id, transit_id, user_id, date) VALUES (94, '[{"answer":3,"weight":2},{"answer":7,"weight":6}]', 7, 10365, 1, '2018-07-11 10:21:45.616000');
INSERT INTO public.feedback (id, answer, criteria_id, transit_id, user_id, date) VALUES (95, '"NO"', 11, 10365, 1, '2018-07-11 10:21:45.690000');
INSERT INTO public.feedback (id, answer, criteria_id, transit_id, user_id, date) VALUES (96, '{"startTime":{"hour":10,"minute":21},"endTime":{"hour":11,"minute":21},"capacity":"45"}', 18, 10365, 1, '2018-07-11 10:21:45.776000');
INSERT INTO public.feedback (id, answer, criteria_id, transit_id, user_id, date) VALUES (97, '{"from":{"id":108,"street":"пл. Різні","lat":49.84550094604492,"lng":24.02606964111328,"direction":"FORWARD"},"to":{"id":113,"street":"пл. Кропивницького","lat":49.837730407714844,"lng":24.005586624145508,"direction":"FORWARD"},"capacity":"45"}', 14, 10365, 1, '2018-07-11 10:21:45.886000');